"player","shirtnumber","nationality","position","age","minutes","goals","assists","pens_made","pens_att","shots","shots_on_target","cards_yellow","cards_red","touches","tackles","interceptions","blocks","xg","npxg","xg_assist","sca","gca","passes_completed","passes","passes_pct","progressive_passes","carries","progressive_carries","take_ons","take_ons_won","player_href","team","touches_def_pen_area","touches_def_3rd","touches_mid_3rd","touches_att_3rd","touches_att_pen_area","touches_live_ball","take_ons_won_pct","take_ons_tackled","take_ons_tackled_pct","carries_distance","carries_progressive_distance","carries_into_final_third","carries_into_penalty_area","miscontrols","dispossessed","passes_received","progressive_passes_received","league","season","match_date","home_team","away_team","match_url","gameweek","venue"
"Tijjani Noslin","14","nl NED","FW","26-181","80","0","0","0","0","0","0","2","1","27","0","0","3","0.0","0.0","0.0","1","0","13","19","68.4","0","12","0","0","0","/en/players/2f067cf2/Tijjani-Noslin","Lazio","1","4","17","6","2","27","","0","","32","5","0","0","4","1","17","1","Serie-A","2025-2026","Sunday January 4, 2026, 12:30 (venue time) 11:30 (local time)","Lazio","Napoli","https://fbref.com/en/matches/8a3786f2/Lazio-Napoli-January-4-2026-Serie-A","18","Stadio Olimpico"
"Mattia Zaccagni","10","it ITA","LW","30-202","86","0","0","0","0","0","0","1","0","28","1","1","0","0.0","0.0","0.0","2","0","18","21","85.7","1","22","1","1","1","/en/players/d85c238b/Mattia-Zaccagni","Lazio","0","2","17","10","3","28","100.0","0","0.0","122","72","1","0","2","0","21","4","Serie-A","2025-2026","Sunday January 4, 2026, 12:30 (venue time) 11:30 (local time)","Lazio","Napoli","https://fbref.com/en/matches/8a3786f2/Lazio-Napoli-January-4-2026-Serie-A","18","Stadio Olimpico"
"Pedro","9","es ESP","LW","38-160","4","0","0","0","0","0","0","0","0","8","0","0","0","0.0","0.0","0.2","2","0","7","8","87.5","0","7","1","0","0","/en/players/3ca7254a/Pedro","Lazio","0","0","3","5","0","8","","0","","90","40","1","0","0","0","7","1","Serie-A","2025-2026","Sunday January 4, 2026, 12:30 (venue time) 11:30 (local time)","Lazio","Napoli","https://fbref.com/en/matches/8a3786f2/Lazio-Napoli-January-4-2026-Serie-A","18","Stadio Olimpico"
"Matteo Cancellieri","22","it ITA","RW","23-326","70","0","0","0","0","3","0","0","0","29","3","1","1","0.1","0.1","0.0","0","0","12","16","75.0","0","16","0","0","0","/en/players/b6a1cdf9/Matteo-Cancellieri","Lazio","3","6","11","12","4","29","","0","","50","24","0","0","2","3","19","3","Serie-A","2025-2026","Sunday January 4, 2026, 12:30 (venue time) 11:30 (local time)","Lazio","Napoli","https://fbref.com/en/matches/8a3786f2/Lazio-Napoli-January-4-2026-Serie-A","18","Stadio Olimpico"
"Gustav Isaksen","18","dk DEN","RW","24-260","20","0","0","0","0","1","0","0","0","15","1","0","0","0.0","0.0","0.0","0","0","9","12","75.0","0","11","2","1","0","/en/players/5715bb71/Gustav-Isaksen","Lazio","0","1","6","8","1","15","0.0","1","100.0","104","74","2","1","0","0","14","0","Serie-A","2025-2026","Sunday January 4, 2026, 12:30 (venue time) 11:30 (local time)","Lazio","Napoli","https://fbref.com/en/matches/8a3786f2/Lazio-Napoli-January-4-2026-Serie-A","18","Stadio Olimpico"
"Toma Bašić","26","hr CRO","LM","29-040","90","0","0","0","0","0","0","0","0","36","2","2","1","0.0","0.0","0.1","1","0","25","28","89.3","3","23","1","0","0","/en/players/80556f08/Toma-Basic","Lazio","1","8","20","8","0","36","","0","","100","26","1","0","1","0","26","0","Serie-A","2025-2026","Sunday January 4, 2026, 12:30 (venue time) 11:30 (local time)","Lazio","Napoli","https://fbref.com/en/matches/8a3786f2/Lazio-Napoli-January-4-2026-Serie-A","18","Stadio Olimpico"
"Danilo Cataldi","32","it ITA","CM","31-151","70","0","0","0","0","0","0","1","0","24","2","1","0","0.0","0.0","0.0","0","0","16","19","84.2","0","11","0","0","0","/en/players/ba3d3bea/Danilo-Cataldi","Lazio","3","10","14","0","0","24","","0","","25","7","0","0","0","0","15","0","Serie-A","2025-2026","Sunday January 4, 2026, 12:30 (venue time) 11:30 (local time)","Lazio","Napoli","https://fbref.com/en/matches/8a3786f2/Lazio-Napoli-January-4-2026-Serie-A","18","Stadio Olimpico"
"Reda Belahyane","21","ma MAR","CM","21-217","20","0","0","0","0","0","0","0","0","5","0","0","1","0.0","0.0","0.0","0","0","2","4","50.0","0","3","0","0","0","/en/players/705a1642/Reda-Belahyane","Lazio","1","1","3","1","0","5","","0","","9","3","0","0","0","0","3","0","Serie-A","2025-2026","Sunday January 4, 2026, 12:30 (venue time) 11:30 (local time)","Lazio","Napoli","https://fbref.com/en/matches/8a3786f2/Lazio-Napoli-January-4-2026-Serie-A","18","Stadio Olimpico"
"Mattéo Guendouzi","8","fr FRA","RM","26-265","90","0","0","0","0","1","0","0","0","45","1","0","0","0.2","0.2","0.0","1","0","31","38","81.6","2","26","1","1","0","/en/players/5ea8ef20/Matteo-Guendouzi","Lazio","3","9","26","10","1","45","0.0","1","100.0","137","62","2","0","1","0","34","2","Serie-A","2025-2026","Sunday January 4, 2026, 12:30 (venue time) 11:30 (local time)","Lazio","Napoli","https://fbref.com/en/matches/8a3786f2/Lazio-Napoli-January-4-2026-Serie-A","18","Stadio Olimpico"
"Luca Pellegrini","3","it ITA","LB","26-303","61","0","0","0","0","0","0","0","0","37","5","0","0","0.0","0.0","0.0","0","0","25","30","83.3","3","19","4","3","3","/en/players/3b61c9ec/Luca-Pellegrini","Lazio","2","21","12","4","0","37","100.0","0","0.0","89","73","1","0","0","0","22","1","Serie-A","2025-2026","Sunday January 4, 2026, 12:30 (venue time) 11:30 (local time)","Lazio","Napoli","https://fbref.com/en/matches/8a3786f2/Lazio-Napoli-January-4-2026-Serie-A","18","Stadio Olimpico"
"Manuel Lazzari","29","it ITA","RB","32-036","29","0","0","0","0","0","0","0","0","19","1","0","1","0.0","0.0","0.0","0","0","15","15","100.0","0","13","1","1","0","/en/players/02caf6e0/Manuel-Lazzari","Lazio","1","7","8","5","0","19","0.0","1","100.0","95","52","2","0","0","0","14","0","Serie-A","2025-2026","Sunday January 4, 2026, 12:30 (venue time) 11:30 (local time)","Lazio","Napoli","https://fbref.com/en/matches/8a3786f2/Lazio-Napoli-January-4-2026-Serie-A","18","Stadio Olimpico"
"Alessio Romagnoli","13","it ITA","CB","30-357","90","0","0","0","0","0","0","1","0","61","1","1","2","0.0","0.0","0.0","1","0","42","48","87.5","1","22","0","0","0","/en/players/3ead85f9/Alessio-Romagnoli","Lazio","15","37","20","4","0","61","","0","","50","10","0","0","0","0","31","0","Serie-A","2025-2026","Sunday January 4, 2026, 12:30 (venue time) 11:30 (local time)","Lazio","Napoli","https://fbref.com/en/matches/8a3786f2/Lazio-Napoli-January-4-2026-Serie-A","18","Stadio Olimpico"
"Mario Gila","34","es ESP","CB","25-128","90","0","0","0","0","0","0","0","0","52","2","0","1","0.0","0.0","0.0","0","0","39","43","90.7","1","33","1","0","0","/en/players/9c435456/Mario-Gila","Lazio","10","26","25","1","0","52","","0","","197","108","0","0","0","0","36","0","Serie-A","2025-2026","Sunday January 4, 2026, 12:30 (venue time) 11:30 (local time)","Lazio","Napoli","https://fbref.com/en/matches/8a3786f2/Lazio-Napoli-January-4-2026-Serie-A","18","Stadio Olimpico"
"Adam Marušić","77","me MNE","RB,LB","33-079","87","0","0","0","0","0","0","0","1","34","0","0","0","0.0","0.0","0.0","1","0","28","31","90.3","2","20","1","0","0","/en/players/d4535821/Adam-Marusic","Lazio","2","18","14","2","0","34","","0","","69","39","0","0","0","1","24","1","Serie-A","2025-2026","Sunday January 4, 2026, 12:30 (venue time) 11:30 (local time)","Lazio","Napoli","https://fbref.com/en/matches/8a3786f2/Lazio-Napoli-January-4-2026-Serie-A","18","Stadio Olimpico"
"Ivan Provedel","94","it ITA","GK","31-293","90","0","0","0","0","0","0","0","0","38","0","0","0","0.0","0.0","0.0","0","0","32","38","84.2","0","18","0","0","0","/en/players/277da414/Ivan-Provedel","Lazio","29","37","1","0","0","38","","0","","62","42","0","0","0","0","25","0","Serie-A","2025-2026","Sunday January 4, 2026, 12:30 (venue time) 11:30 (local time)","Lazio","Napoli","https://fbref.com/en/matches/8a3786f2/Lazio-Napoli-January-4-2026-Serie-A","18","Stadio Olimpico"
"Rasmus Højlund","19","dk DEN","FW","22-334","85","0","0","0","0","1","0","0","0","15","0","0","0","0.0","0.0","0.1","1","0","9","10","90.0","1","10","1","2","0","/en/players/491a433d/Rasmus-Hojlund","Napoli","0","0","5","10","2","15","0.0","2","100.0","72","19","1","1","2","0","11","4","Serie-A","2025-2026","Sunday January 4, 2026, 12:30 (venue time) 11:30 (local time)","Lazio","Napoli","https://fbref.com/en/matches/8a3786f2/Lazio-Napoli-January-4-2026-Serie-A","18","Stadio Olimpico"
"Noa Lang","70","nl NED","AM","26-201","5","0","0","0","0","0","0","0","0","4","0","0","0","0.0","0.0","0.0","0","0","4","4","100.0","0","1","1","0","0","/en/players/8e034340/Noa-Lang","Napoli","0","1","3","0","0","4","","0","","12","11","0","0","0","0","4","0","Serie-A","2025-2026","Sunday January 4, 2026, 12:30 (venue time) 11:30 (local time)","Lazio","Napoli","https://fbref.com/en/matches/8a3786f2/Lazio-Napoli-January-4-2026-Serie-A","18","Stadio Olimpico"
"Elif Elmas","20","mk MKD","AM","26-102","85","0","0","0","0","2","0","0","0","37","2","0","0","0.7","0.7","0.0","2","0","23","30","76.7","7","23","4","4","2","/en/players/cf007308/Elif-Elmas","Napoli","0","0","17","20","4","37","50.0","1","25.0","141","97","2","1","1","0","26","3","Serie-A","2025-2026","Sunday January 4, 2026, 12:30 (venue time) 11:30 (local time)","Lazio","Napoli","https://fbref.com/en/matches/8a3786f2/Lazio-Napoli-January-4-2026-Serie-A","18","Stadio Olimpico"
"Giuseppe Ambrosino","69","it ITA","FW","22-116","5","0","0","0","0","0","0","0","0","1","0","0","0","0.0","0.0","0.0","0","0","1","1","100.0","0","1","0","1","1","/en/players/282947c7/Giuseppe-Ambrosino","Napoli","0","0","1","0","0","1","100.0","0","0.0","4","0","0","0","0","0","1","0","Serie-A","2025-2026","Sunday January 4, 2026, 12:30 (venue time) 11:30 (local time)","Lazio","Napoli","https://fbref.com/en/matches/8a3786f2/Lazio-Napoli-January-4-2026-Serie-A","18","Stadio Olimpico"
"David Neres","7","br BRA","AM","28-307","69","0","0","0","0","1","0","0","0","30","0","0","0","0.1","0.1","0.5","3","0","20","24","83.3","1","23","6","7","3","/en/players/4f1e6a0b/David-Neres","Napoli","0","0","7","24","4","30","42.9","3","42.9","153","83","3","3","1","1","26","9","Serie-A","2025-2026","Sunday January 4, 2026, 12:30 (venue time) 11:30 (local time)","Lazio","Napoli","https://fbref.com/en/matches/8a3786f2/Lazio-Napoli-January-4-2026-Serie-A","18","Stadio Olimpico"
"Pasquale Mazzocchi","30","it ITA","WB","30-161","17","0","0","0","0","0","0","0","1","11","0","0","0","0.0","0.0","0.3","1","0","8","10","80.0","0","8","1","0","0","/en/players/eb0ec070/Pasquale-Mazzocchi","Napoli","0","3","2","6","2","11","","0","","42","24","0","0","0","0","9","1","Serie-A","2025-2026","Sunday January 4, 2026, 12:30 (venue time) 11:30 (local time)","Lazio","Napoli","https://fbref.com/en/matches/8a3786f2/Lazio-Napoli-January-4-2026-Serie-A","18","Stadio Olimpico"
"Stanislav Lobotka","68","sk SVK","CM","31-040","90","0","0","0","0","0","0","0","0","97","1","0","0","0.0","0.0","0.1","3","0","85","90","94.4","4","54","0","2","1","/en/players/e1cbb531/Stanislav-Lobotka","Napoli","4","22","66","10","0","97","50.0","0","0.0","200","63","0","0","0","1","78","0","Serie-A","2025-2026","Sunday January 4, 2026, 12:30 (venue time) 11:30 (local time)","Lazio","Napoli","https://fbref.com/en/matches/8a3786f2/Lazio-Napoli-January-4-2026-Serie-A","18","Stadio Olimpico"
"Scott McTominay","8","sct SCO","CM","29-027","90","0","0","0","0","4","1","0","0","91","0","0","1","0.3","0.3","0.2","2","0","79","82","96.3","4","55","4","3","0","/en/players/d93c2511/Scott-McTominay","Napoli","2","19","57","16","4","91","0.0","2","66.7","276","160","1","0","1","1","79","2","Serie-A","2025-2026","Sunday January 4, 2026, 12:30 (venue time) 11:30 (local time)","Lazio","Napoli","https://fbref.com/en/matches/8a3786f2/Lazio-Napoli-January-4-2026-Serie-A","18","Stadio Olimpico"
"Leonardo Spinazzola","37","it ITA","WB","32-285","78","1","0","0","0","4","1","0","0","55","0","0","1","0.3","0.3","0.0","0","0","34","45","75.6","3","30","2","3","0","/en/players/3626daea/Leonardo-Spinazzola","Napoli","2","11","26","18","7","55","0.0","3","100.0","80","38","3","1","1","0","43","6","Serie-A","2025-2026","Sunday January 4, 2026, 12:30 (venue time) 11:30 (local time)","Lazio","Napoli","https://fbref.com/en/matches/8a3786f2/Lazio-Napoli-January-4-2026-Serie-A","18","Stadio Olimpico"
"Miguel Gutiérrez","3","es ESP","WB","24-161","12","0","0","0","0","0","0","0","0","10","1","0","0","0.0","0.0","0.0","0","0","8","9","88.9","0","5","1","0","0","/en/players/7e98cff1/Miguel-Gutierrez","Napoli","0","2","5","3","0","10","","0","","25","17","1","0","0","0","8","0","Serie-A","2025-2026","Sunday January 4, 2026, 12:30 (venue time) 11:30 (local time)","Lazio","Napoli","https://fbref.com/en/matches/8a3786f2/Lazio-Napoli-January-4-2026-Serie-A","18","Stadio Olimpico"
"Matteo Politano","21","it ITA","WB,AM","32-154","90","0","2","0","0","0","0","0","0","64","0","0","1","0.0","0.0","0.6","8","2","43","54","79.6","7","37","9","5","1","/en/players/5e861944/Matteo-Politano","Napoli","0","5","18","42","3","64","20.0","2","40.0","290","180","6","2","1","2","48","10","Serie-A","2025-2026","Sunday January 4, 2026, 12:30 (venue time) 11:30 (local time)","Lazio","Napoli","https://fbref.com/en/matches/8a3786f2/Lazio-Napoli-January-4-2026-Serie-A","18","Stadio Olimpico"
"Juan Jesus","5","br BRA","CB","34-208","90","0","0","0","0","1","0","0","0","107","4","1","2","0.2","0.2","0.0","2","0","91","98","92.9","4","71","0","0","0","/en/players/79083382/Juan-Jesus","Napoli","3","50","56","2","1","107","","0","","196","59","0","0","0","1","84","0","Serie-A","2025-2026","Sunday January 4, 2026, 12:30 (venue time) 11:30 (local time)","Lazio","Napoli","https://fbref.com/en/matches/8a3786f2/Lazio-Napoli-January-4-2026-Serie-A","18","Stadio Olimpico"
"Amir Rrahmani","13","xk KVX","CB","31-314","78","1","0","0","0","1","1","1","0","104","0","0","0","0.2","0.2","0.0","0","0","95","100","95.0","0","81","0","0","0","/en/players/4b3e1a38/Amir-Rrahmani","Napoli","11","58","44","2","1","104","","0","","278","87","0","0","1","0","93","0","Serie-A","2025-2026","Sunday January 4, 2026, 12:30 (venue time) 11:30 (local time)","Lazio","Napoli","https://fbref.com/en/matches/8a3786f2/Lazio-Napoli-January-4-2026-Serie-A","18","Stadio Olimpico"
"Alessandro Buongiorno","4","it ITA","CB","26-212","12","0","0","0","0","0","0","0","0","6","0","0","0","0.0","0.0","0.0","0","0","5","5","100.0","0","4","0","0","0","/en/players/4ae67f27/Alessandro-Buongiorno","Napoli","0","4","2","0","0","6","","0","","10","1","0","0","0","0","5","0","Serie-A","2025-2026","Sunday January 4, 2026, 12:30 (venue time) 11:30 (local time)","Lazio","Napoli","https://fbref.com/en/matches/8a3786f2/Lazio-Napoli-January-4-2026-Serie-A","18","Stadio Olimpico"
"Giovanni Di Lorenzo","22","it ITA","CB","32-153","90","0","0","0","0","0","0","0","0","91","0","0","0","0.0","0.0","0.0","3","1","85","89","95.5","4","58","3","0","0","/en/players/230a2fac/Giovanni-Di-Lorenzo","Napoli","4","28","53","10","0","91","","0","","177","94","0","0","0","0","77","0","Serie-A","2025-2026","Sunday January 4, 2026, 12:30 (venue time) 11:30 (local time)","Lazio","Napoli","https://fbref.com/en/matches/8a3786f2/Lazio-Napoli-January-4-2026-Serie-A","18","Stadio Olimpico"
"Vanja Milinković-Savić","32","rs SRB","GK","28-318","90","0","0","0","0","0","0","0","0","44","0","0","0","0.0","0.0","0.0","0","0","40","43","93.0","0","35","0","0","0","/en/players/9fa26bc2/Vanja-Milinkovic-Savic","Napoli","34","43","1","0","0","44","","0","","136","78","0","0","0","0","35","0","Serie-A","2025-2026","Sunday January 4, 2026, 12:30 (venue time) 11:30 (local time)","Lazio","Napoli","https://fbref.com/en/matches/8a3786f2/Lazio-Napoli-January-4-2026-Serie-A","18","Stadio Olimpico"
"Roberto Piccoli","91","it ITA","FW","24-342","90","0","0","0","0","4","1","0","0","20","0","0","1","0.2","0.2","0.0","1","0","8","10","80.0","0","13","1","1","0","/en/players/1cadaf34/Roberto-Piccoli","Fiorentina","1","1","4","15","6","20","0.0","1","100.0","43","23","2","0","3","0","18","6","Serie-A","2025-2026","Sunday January 4, 2026, 15:00 (venue time) 14:00 (local time)","Fiorentina","Cremonese","https://fbref.com/en/matches/fcf09893/Fiorentina-Cremonese-January-4-2026-Serie-A","18","Stadio Artemio Franchi"
"Albert Guðmundsson","10","is ISL","LW,AM","28-203","84","0","0","0","0","4","1","0","0","52","0","0","0","0.3","0.3","0.1","2","0","33","45","73.3","3","37","5","2","1","/en/players/b79858d5/Albert-Gudmundsson","Fiorentina","0","3","18","32","11","52","50.0","1","50.0","219","146","3","3","2","0","42","11","Serie-A","2025-2026","Sunday January 4, 2026, 15:00 (venue time) 14:00 (local time)","Fiorentina","Cremonese","https://fbref.com/en/matches/fcf09893/Fiorentina-Cremonese-January-4-2026-Serie-A","18","Stadio Artemio Franchi"
"Moise Kean","20","it ITA","AM","25-310","6","1","0","0","0","2","1","0","0","3","0","0","0","0.9","0.9","0.0","0","0","1","1","100.0","1","1","0","0","0","/en/players/3d50bcdb/Moise-Kean","Fiorentina","0","0","0","3","1","3","","0","","6","5","0","0","0","0","2","0","Serie-A","2025-2026","Sunday January 4, 2026, 15:00 (venue time) 14:00 (local time)","Fiorentina","Cremonese","https://fbref.com/en/matches/fcf09893/Fiorentina-Cremonese-January-4-2026-Serie-A","18","Stadio Artemio Franchi"
"Fabiano Parisi","65","it ITA","RW","25-056","65","0","0","0","0","1","0","0","0","42","0","2","0","0.1","0.1","0.2","5","0","27","34","79.4","4","31","1","1","0","/en/players/0967845b/Fabiano-Parisi","Fiorentina","1","3","18","21","2","42","0.0","1","100.0","177","100","1","0","2","1","32","7","Serie-A","2025-2026","Sunday January 4, 2026, 15:00 (venue time) 14:00 (local time)","Fiorentina","Cremonese","https://fbref.com/en/matches/fcf09893/Fiorentina-Cremonese-January-4-2026-Serie-A","18","Stadio Artemio Franchi"
"Manor Solomon","19","il ISR","LW,RW","26-164","25","0","0","0","0","0","0","0","0","20","0","0","0","0.0","0.0","0.2","3","0","13","19","68.4","0","16","4","1","1","/en/players/886f9aac/Manor-Solomon","Fiorentina","0","1","4","15","6","20","100.0","0","0.0","127","93","2","2","2","0","17","10","Serie-A","2025-2026","Sunday January 4, 2026, 15:00 (venue time) 14:00 (local time)","Fiorentina","Cremonese","https://fbref.com/en/matches/fcf09893/Fiorentina-Cremonese-January-4-2026-Serie-A","18","Stadio Artemio Franchi"
"Nicolò Fagioli","44","it ITA","AM,DM","24-326","90","0","0","0","0","2","1","0","0","95","3","1","1","0.1","0.1","0.2","9","0","65","87","74.7","7","72","6","1","1","/en/players/366be751/Nicolo-Fagioli","Fiorentina","3","15","41","41","3","95","100.0","0","0.0","398","200","6","2","1","0","66","1","Serie-A","2025-2026","Sunday January 4, 2026, 15:00 (venue time) 14:00 (local time)","Fiorentina","Cremonese","https://fbref.com/en/matches/fcf09893/Fiorentina-Cremonese-January-4-2026-Serie-A","18","Stadio Artemio Franchi"
"Cher Ndour","27","it ITA","DM","21-161","75","0","0","0","0","1","0","0","0","37","1","0","1","0.0","0.0","0.0","5","0","24","31","77.4","4","24","0","0","0","/en/players/3b88609d/Cher-Ndour","Fiorentina","0","5","15","17","3","37","","0","","115","30","0","0","0","0","22","4","Serie-A","2025-2026","Sunday January 4, 2026, 15:00 (venue time) 14:00 (local time)","Fiorentina","Cremonese","https://fbref.com/en/matches/fcf09893/Fiorentina-Cremonese-January-4-2026-Serie-A","18","Stadio Artemio Franchi"
"Niccolò Fortini","29","it ITA","RW","19-325","15","0","0","0","0","1","1","0","0","19","0","0","1","0.0","0.0","0.0","1","1","16","18","88.9","3","12","1","0","0","/en/players/ed336580/Niccolo-Fortini","Fiorentina","0","1","12","7","1","19","","0","","53","34","1","0","0","0","14","1","Serie-A","2025-2026","Sunday January 4, 2026, 15:00 (venue time) 14:00 (local time)","Fiorentina","Cremonese","https://fbref.com/en/matches/fcf09893/Fiorentina-Cremonese-January-4-2026-Serie-A","18","Stadio Artemio Franchi"
"Rolando Mandragora","8","it ITA","DM","28-189","84","0","0","0","0","5","1","0","0","44","0","0","0","0.2","0.2","0.0","1","0","29","35","82.9","4","31","2","0","0","/en/players/c7259b83/Rolando-Mandragora","Fiorentina","0","5","16","23","2","44","","0","","106","44","2","0","1","1","33","2","Serie-A","2025-2026","Sunday January 4, 2026, 15:00 (venue time) 14:00 (local time)","Fiorentina","Cremonese","https://fbref.com/en/matches/fcf09893/Fiorentina-Cremonese-January-4-2026-Serie-A","18","Stadio Artemio Franchi"
"Hans Nicolussi Caviglia","14","it ITA","DM","25-200","6","0","0","0","0","0","0","0","0","7","0","0","0","0.0","0.0","0.1","1","0","5","7","71.4","1","7","0","0","0","/en/players/b136c945/Hans-Nicolussi-Caviglia","Fiorentina","0","1","1","5","0","7","","0","","21","11","0","0","0","0","7","1","Serie-A","2025-2026","Sunday January 4, 2026, 15:00 (venue time) 14:00 (local time)","Fiorentina","Cremonese","https://fbref.com/en/matches/fcf09893/Fiorentina-Cremonese-January-4-2026-Serie-A","18","Stadio Artemio Franchi"
"Luca Ranieri","6","it ITA","LB","26-256","65","0","0","0","0","1","1","0","0","60","0","2","0","0.1","0.1","0.1","2","0","43","54","79.6","6","40","2","1","0","/en/players/8c63fae5/Luca-Ranieri","Fiorentina","1","18","28","16","3","60","0.0","1","100.0","244","95","2","0","2","0","41","2","Serie-A","2025-2026","Sunday January 4, 2026, 15:00 (venue time) 14:00 (local time)","Fiorentina","Cremonese","https://fbref.com/en/matches/fcf09893/Fiorentina-Cremonese-January-4-2026-Serie-A","18","Stadio Artemio Franchi"
"Robin Gosens","21","de GER","LB","31-183","25","0","0","0","0","1","1","0","0","31","1","0","0","0.0","0.0","0.0","1","0","21","23","91.3","6","17","0","0","0","/en/players/2d970560/Robin-Gosens","Fiorentina","3","11","8","12","0","31","","0","","81","52","0","0","1","0","17","0","Serie-A","2025-2026","Sunday January 4, 2026, 15:00 (venue time) 14:00 (local time)","Fiorentina","Cremonese","https://fbref.com/en/matches/fcf09893/Fiorentina-Cremonese-January-4-2026-Serie-A","18","Stadio Artemio Franchi"
"Marin Pongračić","5","hr CRO","CB","28-115","90","0","0","0","0","0","0","0","0","82","2","1","1","0.0","0.0","0.0","2","0","61","68","89.7","5","56","2","0","0","/en/players/2a6cd437/Marin-Pongracic","Fiorentina","4","30","46","9","0","82","","0","","291","171","4","0","4","0","52","0","Serie-A","2025-2026","Sunday January 4, 2026, 15:00 (venue time) 14:00 (local time)","Fiorentina","Cremonese","https://fbref.com/en/matches/fcf09893/Fiorentina-Cremonese-January-4-2026-Serie-A","18","Stadio Artemio Franchi"
"Pietro Comuzzo","15","it ITA","CB","20-318","90","0","0","0","0","0","0","0","0","58","1","2","1","0.0","0.0","0.0","0","0","43","45","95.6","0","37","0","0","0","/en/players/5e3ecc35/Pietro-Comuzzo","Fiorentina","5","25","33","1","0","58","","0","","133","33","0","0","1","0","34","0","Serie-A","2025-2026","Sunday January 4, 2026, 15:00 (venue time) 14:00 (local time)","Fiorentina","Cremonese","https://fbref.com/en/matches/fcf09893/Fiorentina-Cremonese-January-4-2026-Serie-A","18","Stadio Artemio Franchi"
"Dodô","2","br BRA","RB","27-048","90","0","0","0","0","0","0","1","0","89","1","0","0","0.0","0.0","0.3","5","0","63","80","78.8","5","59","10","3","1","/en/players/b5f7d10b/Dodo","Fiorentina","4","13","44","32","5","89","33.3","2","66.7","385","277","5","3","2","0","59","4","Serie-A","2025-2026","Sunday January 4, 2026, 15:00 (venue time) 14:00 (local time)","Fiorentina","Cremonese","https://fbref.com/en/matches/fcf09893/Fiorentina-Cremonese-January-4-2026-Serie-A","18","Stadio Artemio Franchi"
"David de Gea","43","es ESP","GK","35-058","90","0","0","0","0","0","0","0","0","32","0","0","0","0.0","0.0","0.0","0","0","23","30","76.7","0","14","0","0","0","/en/players/7ba6d84e/David-de-Gea","Fiorentina","28","32","0","0","0","32","","0","","44","16","0","0","0","0","13","0","Serie-A","2025-2026","Sunday January 4, 2026, 15:00 (venue time) 14:00 (local time)","Fiorentina","Cremonese","https://fbref.com/en/matches/fcf09893/Fiorentina-Cremonese-January-4-2026-Serie-A","18","Stadio Artemio Franchi"
"Jamie Vardy","10","eng ENG","FW","38-358","75","0","0","0","0","0","0","0","0","20","0","0","0","0.0","0.0","0.0","1","0","8","15","53.3","0","7","0","0","0","/en/players/45963054/Jamie-Vardy","Cremonese","0","0","14","6","2","20","","0","","19","3","0","0","4","0","14","3","Serie-A","2025-2026","Sunday January 4, 2026, 15:00 (venue time) 14:00 (local time)","Fiorentina","Cremonese","https://fbref.com/en/matches/fcf09893/Fiorentina-Cremonese-January-4-2026-Serie-A","18","Stadio Artemio Franchi"
"Faris Pemi Moumbagna","14","cm CMR","FW","25-187","15","0","0","0","0","0","0","0","0","3","0","0","0","0.0","0.0","0.0","0","0","0","0","","0","2","0","1","0","/en/players/58aae0a9/Faris-Pemi-Moumbagna","Cremonese","0","0","2","1","1","3","0.0","1","100.0","1","0","0","0","1","0","1","0","Serie-A","2025-2026","Sunday January 4, 2026, 15:00 (venue time) 14:00 (local time)","Fiorentina","Cremonese","https://fbref.com/en/matches/fcf09893/Fiorentina-Cremonese-January-4-2026-Serie-A","18","Stadio Artemio Franchi"
"Federico Bonazzoli","90","it ITA","FW","28-228","75","0","0","0","0","0","0","0","0","34","1","0","1","0.0","0.0","0.0","1","0","17","22","77.3","1","17","0","2","0","/en/players/bf57eaab/Federico-Bonazzoli","Cremonese","1","10","19","5","0","34","0.0","2","100.0","41","5","0","0","0","3","25","4","Serie-A","2025-2026","Sunday January 4, 2026, 15:00 (venue time) 14:00 (local time)","Fiorentina","Cremonese","https://fbref.com/en/matches/fcf09893/Fiorentina-Cremonese-January-4-2026-Serie-A","18","Stadio Artemio Franchi"
"Antonio Sanabria","99","py PAR","FW","29-306","15","0","0","0","0","1","1","0","0","7","0","0","0","0.6","0.6","0.1","4","0","4","5","80.0","1","5","1","1","1","/en/players/0a447501/Antonio-Sanabria","Cremonese","0","2","3","2","1","7","100.0","0","0.0","41","17","0","0","0","0","3","0","Serie-A","2025-2026","Sunday January 4, 2026, 15:00 (venue time) 14:00 (local time)","Fiorentina","Cremonese","https://fbref.com/en/matches/fcf09893/Fiorentina-Cremonese-January-4-2026-Serie-A","18","Stadio Artemio Franchi"
"Jari Vandeputte","27","be BEL","CM","29-324","58","0","0","0","0","0","0","0","0","25","1","1","0","0.0","0.0","0.0","1","0","12","16","75.0","0","11","0","0","0","/en/players/68e75bf4/Jari-Vandeputte","Cremonese","3","9","12","4","0","25","","0","","72","26","1","0","2","0","12","0","Serie-A","2025-2026","Sunday January 4, 2026, 15:00 (venue time) 14:00 (local time)","Fiorentina","Cremonese","https://fbref.com/en/matches/fcf09893/Fiorentina-Cremonese-January-4-2026-Serie-A","18","Stadio Artemio Franchi"
"Franco Vázquez","20","ar ARG","CM","36-316","32","0","0","0","0","0","0","0","0","18","2","1","0","0.0","0.0","0.6","1","0","8","12","66.7","3","6","0","0","0","/en/players/467bae22/Franco-Vazquez","Cremonese","3","9","5","4","0","18","","0","","43","4","1","0","0","0","4","0","Serie-A","2025-2026","Sunday January 4, 2026, 15:00 (venue time) 14:00 (local time)","Fiorentina","Cremonese","https://fbref.com/en/matches/fcf09893/Fiorentina-Cremonese-January-4-2026-Serie-A","18","Stadio Artemio Franchi"
"Warren Bondo","38","fr FRA","CM","22-111","28","0","0","0","0","0","0","1","0","13","0","0","0","0.0","0.0","0.0","0","0","12","13","92.3","0","8","1","0","0","/en/players/0def2376/Warren-Bondo","Cremonese","0","7","6","0","0","13","","0","","52","23","0","0","0","0","12","0","Serie-A","2025-2026","Sunday January 4, 2026, 15:00 (venue time) 14:00 (local time)","Fiorentina","Cremonese","https://fbref.com/en/matches/fcf09893/Fiorentina-Cremonese-January-4-2026-Serie-A","18","Stadio Artemio Franchi"
"Alberto Grassi","33","it ITA","CM","30-303","62","0","0","0","0","1","0","0","0","31","1","0","2","0.0","0.0","0.0","0","0","12","19","63.2","2","10","1","0","0","/en/players/6cc97b6a/Alberto-Grassi","Cremonese","8","15","13","3","0","31","","0","","82","50","1","0","0","0","12","0","Serie-A","2025-2026","Sunday January 4, 2026, 15:00 (venue time) 14:00 (local time)","Fiorentina","Cremonese","https://fbref.com/en/matches/fcf09893/Fiorentina-Cremonese-January-4-2026-Serie-A","18","Stadio Artemio Franchi"
"Martín Payero","32","ar ARG","CM","27-115","74","0","0","0","0","2","0","1","0","30","0","0","5","0.1","0.1","0.0","0","0","7","15","46.7","2","10","0","1","0","/en/players/bdbff2b5/Martin-Payero","Cremonese","4","10","13","7","1","30","0.0","1","100.0","31","12","0","0","2","0","15","0","Serie-A","2025-2026","Sunday January 4, 2026, 15:00 (venue time) 14:00 (local time)","Fiorentina","Cremonese","https://fbref.com/en/matches/fcf09893/Fiorentina-Cremonese-January-4-2026-Serie-A","18","Stadio Artemio Franchi"
"Alessio Zerbin","7","it ITA","CM","26-307","16","0","0","0","0","1","1","0","0","7","0","1","0","0.1","0.1","0.0","0","0","0","4","0.0","0","2","0","0","0","/en/players/d19ef4ef/Alessio-Zerbin","Cremonese","2","2","3","2","2","7","","0","","32","6","0","0","0","0","3","2","Serie-A","2025-2026","Sunday January 4, 2026, 15:00 (venue time) 14:00 (local time)","Fiorentina","Cremonese","https://fbref.com/en/matches/fcf09893/Fiorentina-Cremonese-January-4-2026-Serie-A","18","Stadio Artemio Franchi"
"Giuseppe Pezzella","3","it ITA","WB","28-036","90","0","0","0","0","0","0","0","0","32","0","1","0","0.0","0.0","0.0","1","0","11","23","47.8","0","17","0","0","0","/en/players/149c5f5d/Giuseppe-Pezzella","Cremonese","5","14","13","5","0","32","","0","","53","12","1","0","1","1","19","1","Serie-A","2025-2026","Sunday January 4, 2026, 15:00 (venue time) 14:00 (local time)","Fiorentina","Cremonese","https://fbref.com/en/matches/fcf09893/Fiorentina-Cremonese-January-4-2026-Serie-A","18","Stadio Artemio Franchi"
"Tommaso Barbieri","4","it ITA","WB","23-131","90","0","0","0","0","1","0","0","0","44","2","0","3","0.0","0.0","0.0","1","0","15","26","57.7","1","17","2","0","0","/en/players/6f1d7aa8/Tommaso-Barbieri","Cremonese","8","18","15","11","2","44","","0","","100","57","1","1","2","1","19","2","Serie-A","2025-2026","Sunday January 4, 2026, 15:00 (venue time) 14:00 (local time)","Fiorentina","Cremonese","https://fbref.com/en/matches/fcf09893/Fiorentina-Cremonese-January-4-2026-Serie-A","18","Stadio Artemio Franchi"
"Francesco Folino","55","it ITA","CB","23-346","90","0","0","0","0","0","0","0","0","48","1","0","1","0.0","0.0","0.0","0","0","29","38","76.3","0","25","0","0","0","/en/players/051104b5/Francesco-Folino","Cremonese","14","39","10","0","0","48","","0","","75","18","0","0","0","0","29","0","Serie-A","2025-2026","Sunday January 4, 2026, 15:00 (venue time) 14:00 (local time)","Fiorentina","Cremonese","https://fbref.com/en/matches/fcf09893/Fiorentina-Cremonese-January-4-2026-Serie-A","18","Stadio Artemio Franchi"
"Federico Baschirotto","6","it ITA","CB","29-106","90","0","0","0","0","0","0","0","0","33","0","2","4","0.0","0.0","0.0","0","0","17","19","89.5","1","13","0","0","0","/en/players/5a08ee41/Federico-Baschirotto","Cremonese","14","27","6","0","0","33","","0","","34","16","0","0","0","0","12","0","Serie-A","2025-2026","Sunday January 4, 2026, 15:00 (venue time) 14:00 (local time)","Fiorentina","Cremonese","https://fbref.com/en/matches/fcf09893/Fiorentina-Cremonese-January-4-2026-Serie-A","18","Stadio Artemio Franchi"
"Filippo Terracciano","24","it ITA","CB","22-330","90","0","0","0","0","0","0","0","0","55","0","4","0","0.0","0.0","0.0","1","0","38","41","92.7","1","23","0","0","0","/en/players/5cbb5ad6/Filippo-Terracciano","Cremonese","13","39","14","2","0","55","","0","","105","75","0","0","0","0","21","0","Serie-A","2025-2026","Sunday January 4, 2026, 15:00 (venue time) 14:00 (local time)","Fiorentina","Cremonese","https://fbref.com/en/matches/fcf09893/Fiorentina-Cremonese-January-4-2026-Serie-A","18","Stadio Artemio Franchi"
"Emil Audero","1","id IDN","GK","28-351","90","0","0","0","0","0","0","0","0","58","0","0","0","0.0","0.0","0.0","1","0","34","50","68.0","0","29","0","0","0","/en/players/649b01d8/Emil-Audero","Cremonese","51","58","0","0","0","58","","0","","182","157","0","0","0","0","21","0","Serie-A","2025-2026","Sunday January 4, 2026, 15:00 (venue time) 14:00 (local time)","Fiorentina","Cremonese","https://fbref.com/en/matches/fcf09893/Fiorentina-Cremonese-January-4-2026-Serie-A","18","Stadio Artemio Franchi"
"Daniel Mosquera","25","co COL","FW","26-076","74","0","0","0","0","2","0","0","0","19","0","0","0","0.1","0.1","0.0","0","0","8","11","72.7","1","10","1","2","1","/en/players/091b9eb8/Daniel-Mosquera","Hellas Verona","0","1","9","10","4","19","50.0","1","50.0","42","15","2","0","4","0","11","3","Serie-A","2025-2026","Sunday January 4, 2026, 18:00 (venue time) 17:00 (local time)","Hellas Verona","Torino","https://fbref.com/en/matches/45827894/Hellas-Verona-Torino-January-4-2026-Serie-A","18","Stadio Marc'Antonio Bentegodi"
"Amin Sarr","9","se SWE","FW","24-299","16","0","0","0","0","1","0","0","0","13","0","0","0","0.0","0.0","0.0","2","0","6","8","75.0","0","7","0","3","2","/en/players/d5326924/Amin-Sarr","Hellas Verona","0","0","6","7","0","13","66.7","1","33.3","11","3","0","0","1","1","6","0","Serie-A","2025-2026","Sunday January 4, 2026, 18:00 (venue time) 17:00 (local time)","Hellas Verona","Torino","https://fbref.com/en/matches/45827894/Hellas-Verona-Torino-January-4-2026-Serie-A","18","Stadio Marc'Antonio Bentegodi"
"Antoine Bernede","24","fr FRA","AM,LW","26-223","74","0","0","0","0","0","0","0","0","53","4","0","5","0.0","0.0","0.0","1","0","30","41","73.2","7","28","2","0","0","/en/players/07a821e4/Antoine-Bernede","Hellas Verona","1","3","33","17","2","53","","0","","158","94","2","0","2","4","32","5","Serie-A","2025-2026","Sunday January 4, 2026, 18:00 (venue time) 17:00 (local time)","Hellas Verona","Torino","https://fbref.com/en/matches/45827894/Hellas-Verona-Torino-January-4-2026-Serie-A","18","Stadio Marc'Antonio Bentegodi"
"Grigoris Kastanos","20","cy CYP","LW","27-339","16","0","0","0","0","0","0","0","0","12","0","1","0","0.0","0.0","0.0","0","0","8","10","80.0","1","10","0","1","1","/en/players/2a82aa85/Grigoris-Kastanos","Hellas Verona","0","2","10","1","0","12","100.0","0","0.0","98","29","0","0","0","0","8","0","Serie-A","2025-2026","Sunday January 4, 2026, 18:00 (venue time) 17:00 (local time)","Hellas Verona","Torino","https://fbref.com/en/matches/45827894/Hellas-Verona-Torino-January-4-2026-Serie-A","18","Stadio Marc'Antonio Bentegodi"
"Giovane","17","br BRA","RW,AM","22-041","90","0","0","0","0","3","2","0","0","51","1","0","1","0.1","0.1","0.0","1","0","15","31","48.4","4","32","4","9","1","/en/players/1b567cdc/Giovane","Hellas Verona","1","3","17","33","3","51","11.1","7","77.8","182","80","3","1","3","1","29","9","Serie-A","2025-2026","Sunday January 4, 2026, 18:00 (venue time) 17:00 (local time)","Hellas Verona","Torino","https://fbref.com/en/matches/45827894/Hellas-Verona-Torino-January-4-2026-Serie-A","18","Stadio Marc'Antonio Bentegodi"
"Almoatasem Al Musrati","73","ly LBY","CM","29-273","45","0","0","0","0","0","0","0","0","33","1","2","1","0.0","0.0","0.0","1","0","14","23","60.9","4","10","0","0","0","/en/players/cd6a1a59/Almoatasem-Al-Musrati","Hellas Verona","3","8","24","3","0","33","","0","","33","15","0","0","0","1","10","0","Serie-A","2025-2026","Sunday January 4, 2026, 18:00 (venue time) 17:00 (local time)","Hellas Verona","Torino","https://fbref.com/en/matches/45827894/Hellas-Verona-Torino-January-4-2026-Serie-A","18","Stadio Marc'Antonio Bentegodi"
"Gift Orban","16","ng NGA","AM","23-171","45","0","0","0","0","1","1","0","0","14","0","0","0","0.0","0.0","0.0","0","0","10","13","76.9","2","10","2","1","1","/en/players/de17db90/Gift-Orban","Hellas Verona","0","0","6","9","1","14","100.0","0","0.0","58","35","1","0","0","0","9","4","Serie-A","2025-2026","Sunday January 4, 2026, 18:00 (venue time) 17:00 (local time)","Hellas Verona","Torino","https://fbref.com/en/matches/45827894/Hellas-Verona-Torino-January-4-2026-Serie-A","18","Stadio Marc'Antonio Bentegodi"
"Suat Serdar","8","de GER","CM,DM","28-268","66","0","0","0","0","0","0","0","0","48","1","0","2","0.0","0.0","0.0","1","0","26","33","78.8","8","29","1","4","0","/en/players/b3325a30/Suat-Serdar","Hellas Verona","4","14","27","9","2","48","0.0","4","100.0","109","38","0","0","0","2","26","4","Serie-A","2025-2026","Sunday January 4, 2026, 18:00 (venue time) 17:00 (local time)","Hellas Verona","Torino","https://fbref.com/en/matches/45827894/Hellas-Verona-Torino-January-4-2026-Serie-A","18","Stadio Marc'Antonio Bentegodi"
"Abdou Harroui","21","nl NED","DM","27-356","24","0","0","0","0","0","0","0","0","20","0","0","0","0.0","0.0","0.0","2","0","17","19","89.5","0","15","0","0","0","/en/players/65fd099c/Abdou-Harroui","Hellas Verona","0","0","12","8","1","20","","0","","35","18","2","0","0","0","16","3","Serie-A","2025-2026","Sunday January 4, 2026, 18:00 (venue time) 17:00 (local time)","Hellas Verona","Torino","https://fbref.com/en/matches/45827894/Hellas-Verona-Torino-January-4-2026-Serie-A","18","Stadio Marc'Antonio Bentegodi"
"Martin Frese","3","dk DEN","LB,WB","28-000","90","0","0","0","0","0","0","0","0","63","1","1","0","0.0","0.0","0.0","2","0","34","52","65.4","2","26","0","2","0","/en/players/b910e9c0/Martin-Frese","Hellas Verona","3","10","31","22","1","63","0.0","1","50.0","84","38","0","0","1","0","30","7","Serie-A","2025-2026","Sunday January 4, 2026, 18:00 (venue time) 17:00 (local time)","Hellas Verona","Torino","https://fbref.com/en/matches/45827894/Hellas-Verona-Torino-January-4-2026-Serie-A","18","Stadio Marc'Antonio Bentegodi"
"Daniel Oyegoke","2","eng ENG","WB","23-001","45","0","0","0","0","0","0","0","0","20","1","2","1","0.0","0.0","0.0","0","0","8","14","57.1","0","11","0","1","0","/en/players/c9866d69/Daniel-Oyegoke","Hellas Verona","1","5","6","9","1","20","0.0","1","100.0","55","21","0","0","0","0","10","4","Serie-A","2025-2026","Sunday January 4, 2026, 18:00 (venue time) 17:00 (local time)","Hellas Verona","Torino","https://fbref.com/en/matches/45827894/Hellas-Verona-Torino-January-4-2026-Serie-A","18","Stadio Marc'Antonio Bentegodi"
"Roberto Gagliardini","63","it ITA","DM","31-272","45","0","0","0","0","0","0","0","0","40","1","1","0","0.0","0.0","0.0","0","0","29","37","78.4","5","23","1","0","0","/en/players/ce30bfc8/Roberto-Gagliardini","Hellas Verona","0","5","25","10","1","40","","0","","120","64","1","0","0","0","32","4","Serie-A","2025-2026","Sunday January 4, 2026, 18:00 (venue time) 17:00 (local time)","Hellas Verona","Torino","https://fbref.com/en/matches/45827894/Hellas-Verona-Torino-January-4-2026-Serie-A","18","Stadio Marc'Antonio Bentegodi"
"Armel Bella Kotchap","37","de GER","CB","24-024","90","0","0","0","0","0","0","0","0","61","2","2","2","0.0","0.0","0.0","0","0","37","44","84.1","3","32","1","0","0","/en/players/a39d11bc/Armel-Bella-Kotchap","Hellas Verona","8","30","29","2","1","61","","0","","164","62","1","0","0","0","35","0","Serie-A","2025-2026","Sunday January 4, 2026, 18:00 (venue time) 17:00 (local time)","Hellas Verona","Torino","https://fbref.com/en/matches/45827894/Hellas-Verona-Torino-January-4-2026-Serie-A","18","Stadio Marc'Antonio Bentegodi"
"Victor Nelsson","15","dk DEN","CB","27-082","90","0","0","0","0","0","0","0","0","50","3","0","2","0.0","0.0","0.0","1","0","23","28","82.1","2","18","2","0","0","/en/players/e53b5534/Victor-Nelsson","Hellas Verona","8","28","17","5","0","50","","0","","85","44","2","0","2","0","21","0","Serie-A","2025-2026","Sunday January 4, 2026, 18:00 (venue time) 17:00 (local time)","Hellas Verona","Torino","https://fbref.com/en/matches/45827894/Hellas-Verona-Torino-January-4-2026-Serie-A","18","Stadio Marc'Antonio Bentegodi"
"Unai Núñez","5","es ESP","RB,CB","28-339","90","0","0","0","0","0","0","0","0","66","0","1","5","0.0","0.0","0.0","1","0","38","53","71.7","6","35","0","4","3","/en/players/be170419/Unai-Nunez","Hellas Verona","5","22","31","13","0","66","75.0","1","25.0","124","60","0","0","1","1","31","2","Serie-A","2025-2026","Sunday January 4, 2026, 18:00 (venue time) 17:00 (local time)","Hellas Verona","Torino","https://fbref.com/en/matches/45827894/Hellas-Verona-Torino-January-4-2026-Serie-A","18","Stadio Marc'Antonio Bentegodi"
"Lorenzo Montipò","1","it ITA","GK","29-318","90","0","0","0","0","0","0","0","0","30","0","0","0","0.0","0.0","0.0","0","0","17","29","58.6","0","17","0","0","0","/en/players/c1d95617/Lorenzo-Montipo","Hellas Verona","25","30","0","0","0","30","","0","","89","48","0","0","0","0","12","0","Serie-A","2025-2026","Sunday January 4, 2026, 18:00 (venue time) 17:00 (local time)","Hellas Verona","Torino","https://fbref.com/en/matches/45827894/Hellas-Verona-Torino-January-4-2026-Serie-A","18","Stadio Marc'Antonio Bentegodi"
"Giovanni Simeone","18","ar ARG","FW","30-183","74","1","0","0","0","3","2","0","0","26","2","0","1","0.6","0.6","0.0","2","0","9","16","56.3","1","12","1","2","1","/en/players/343c0d52/Giovanni-Simeone","Torino","1","2","15","9","2","26","50.0","1","50.0","87","41","1","0","2","3","19","2","Serie-A","2025-2026","Sunday January 4, 2026, 18:00 (venue time) 17:00 (local time)","Hellas Verona","Torino","https://fbref.com/en/matches/45827894/Hellas-Verona-Torino-January-4-2026-Serie-A","18","Stadio Marc'Antonio Bentegodi"
"Duván Zapata","91","co COL","FW","34-278","16","0","0","0","0","1","0","0","0","7","0","0","0","0.1","0.1","0.1","2","0","3","4","75.0","1","7","1","0","0","/en/players/d3de9af0/Duvan-Zapata","Torino","0","0","4","3","1","7","","0","","35","20","0","0","1","0","7","3","Serie-A","2025-2026","Sunday January 4, 2026, 18:00 (venue time) 17:00 (local time)","Hellas Verona","Torino","https://fbref.com/en/matches/45827894/Hellas-Verona-Torino-January-4-2026-Serie-A","18","Stadio Marc'Antonio Bentegodi"
"Che Adams","19","sct SCO","FW","29-175","82","0","0","0","0","3","0","0","0","36","2","0","0","0.1","0.1","0.0","1","0","17","26","65.4","0","14","1","1","0","/en/players/f2bf1b0f/Che-Adams","Torino","0","4","16","16","4","36","0.0","1","100.0","52","16","0","2","1","0","23","7","Serie-A","2025-2026","Sunday January 4, 2026, 18:00 (venue time) 17:00 (local time)","Hellas Verona","Torino","https://fbref.com/en/matches/45827894/Hellas-Verona-Torino-January-4-2026-Serie-A","18","Stadio Marc'Antonio Bentegodi"
"Alieu Njie","92","se SWE","FW","20-235","8","1","1","0","0","1","1","0","0","3","0","0","0","0.1","0.1","0.1","1","1","2","2","100.0","0","4","2","1","1","/en/players/15918c9c/Alieu-Njie","Torino","0","0","1","2","0","3","100.0","0","0.0","30","28","1","0","0","0","3","1","Serie-A","2025-2026","Sunday January 4, 2026, 18:00 (venue time) 17:00 (local time)","Hellas Verona","Torino","https://fbref.com/en/matches/45827894/Hellas-Verona-Torino-January-4-2026-Serie-A","18","Stadio Marc'Antonio Bentegodi"
"Gvidas Gineitis","66","lt LTU","CM","21-264","74","0","0","0","0","1","0","0","0","50","4","1","3","0.0","0.0","0.1","4","0","20","34","58.8","2","20","0","1","1","/en/players/548bd0de/Gvidas-Gineitis","Torino","1","7","29","16","0","50","100.0","0","0.0","153","35","1","0","3","0","19","2","Serie-A","2025-2026","Sunday January 4, 2026, 18:00 (venue time) 17:00 (local time)","Hellas Verona","Torino","https://fbref.com/en/matches/45827894/Hellas-Verona-Torino-January-4-2026-Serie-A","18","Stadio Marc'Antonio Bentegodi"
"Cesare Casadei","22","it ITA","CM","22-359","16","1","0","0","0","1","1","0","0","18","0","0","0","0.1","0.1","0.0","1","1","12","13","92.3","3","10","0","2","1","/en/players/fb920f3a/Cesare-Casadei","Torino","1","5","11","2","0","18","50.0","1","50.0","48","31","0","0","0","0","13","2","Serie-A","2025-2026","Sunday January 4, 2026, 18:00 (venue time) 17:00 (local time)","Hellas Verona","Torino","https://fbref.com/en/matches/45827894/Hellas-Verona-Torino-January-4-2026-Serie-A","18","Stadio Marc'Antonio Bentegodi"
"Emirhan İlkhan","6","tr TUR","CM","21-217","66","0","0","0","0","1","0","0","0","53","0","2","1","0.0","0.0","0.2","6","0","34","39","87.2","3","28","1","2","1","/en/players/a47c6309/Emirhan-Ilkhan","Torino","4","12","31","10","0","53","50.0","1","50.0","84","35","1","0","0","2","28","0","Serie-A","2025-2026","Sunday January 4, 2026, 18:00 (venue time) 17:00 (local time)","Hellas Verona","Torino","https://fbref.com/en/matches/45827894/Hellas-Verona-Torino-January-4-2026-Serie-A","18","Stadio Marc'Antonio Bentegodi"
"Adrien Tameze","61","cm CMR","CM","31-334","24","0","0","0","0","1","0","0","0","15","0","1","0","0.1","0.1","0.0","2","1","8","10","80.0","2","3","0","0","0","/en/players/8da74c05/Adrien-Tameze","Torino","1","5","9","1","1","15","","0","","15","8","0","0","1","0","7","1","Serie-A","2025-2026","Sunday January 4, 2026, 18:00 (venue time) 17:00 (local time)","Hellas Verona","Torino","https://fbref.com/en/matches/45827894/Hellas-Verona-Torino-January-4-2026-Serie-A","18","Stadio Marc'Antonio Bentegodi"
"Nikola Vlašić","10","hr CRO","CM","28-092","90","0","0","0","0","4","0","0","0","53","3","0","1","0.1","0.1","0.1","5","0","31","41","75.6","3","31","0","2","1","/en/players/aa8e289e/Nikola-Vlasic","Torino","2","4","34","17","2","53","50.0","1","50.0","190","113","2","0","3","2","33","6","Serie-A","2025-2026","Sunday January 4, 2026, 18:00 (venue time) 17:00 (local time)","Hellas Verona","Torino","https://fbref.com/en/matches/45827894/Hellas-Verona-Torino-January-4-2026-Serie-A","18","Stadio Marc'Antonio Bentegodi"
"Zakaria Aboukhlal","7","ma MAR","WB","25-320","82","0","0","0","0","3","0","1","0","47","4","0","3","0.1","0.1","0.0","3","0","22","30","73.3","2","18","3","2","1","/en/players/c2a6033c/Zakaria-Aboukhlal","Torino","2","11","22","16","3","47","50.0","1","50.0","173","94","2","1","2","0","23","3","Serie-A","2025-2026","Sunday January 4, 2026, 18:00 (venue time) 17:00 (local time)","Hellas Verona","Torino","https://fbref.com/en/matches/45827894/Hellas-Verona-Torino-January-4-2026-Serie-A","18","Stadio Marc'Antonio Bentegodi"
"Ali Dembélé","21","fr FRA","WB","21-364","8","0","0","0","0","0","0","0","0","4","0","0","0","0.0","0.0","0.0","0","0","3","3","100.0","0","2","0","0","0","/en/players/eb3df7d9/Ali-Dembele","Torino","0","2","2","0","0","4","","0","","5","2","0","0","0","0","2","1","Serie-A","2025-2026","Sunday January 4, 2026, 18:00 (venue time) 17:00 (local time)","Hellas Verona","Torino","https://fbref.com/en/matches/45827894/Hellas-Verona-Torino-January-4-2026-Serie-A","18","Stadio Marc'Antonio Bentegodi"
"Valentino Lazaro","20","at AUT","WB","29-286","90","0","0","0","0","1","1","0","0","73","3","3","2","0.0","0.0","0.0","4","0","45","61","73.8","5","33","5","0","0","/en/players/016ff750/Valentino-Lazaro","Torino","3","19","39","16","0","73","","0","","203","145","3","0","1","0","36","2","Serie-A","2025-2026","Sunday January 4, 2026, 18:00 (venue time) 17:00 (local time)","Hellas Verona","Torino","https://fbref.com/en/matches/45827894/Hellas-Verona-Torino-January-4-2026-Serie-A","18","Stadio Marc'Antonio Bentegodi"
"Saúl Coco","23","gq EQG","CB","26-329","90","0","0","0","0","0","0","0","0","58","1","2","0","0.0","0.0","0.0","0","0","38","50","76.0","2","33","1","1","1","/en/players/d0ee1652/Saul-Coco","Torino","7","34","25","1","1","58","100.0","0","0.0","163","58","0","0","0","0","39","1","Serie-A","2025-2026","Sunday January 4, 2026, 18:00 (venue time) 17:00 (local time)","Hellas Verona","Torino","https://fbref.com/en/matches/45827894/Hellas-Verona-Torino-January-4-2026-Serie-A","18","Stadio Marc'Antonio Bentegodi"
"Guillermo Maripán","13","cl CHI","CB","31-243","90","0","0","0","0","1","0","0","0","68","5","3","3","0.1","0.1","0.0","0","0","38","48","79.2","2","30","0","0","0","/en/players/d9764034/Guillermo-Maripan","Torino","8","40","27","1","1","68","","0","","107","64","0","0","1","2","37","0","Serie-A","2025-2026","Sunday January 4, 2026, 18:00 (venue time) 17:00 (local time)","Hellas Verona","Torino","https://fbref.com/en/matches/45827894/Hellas-Verona-Torino-January-4-2026-Serie-A","18","Stadio Marc'Antonio Bentegodi"
"Ardian Ismajli","44","al ALB","CB","29-096","90","0","1","0","0","0","0","0","0","85","2","2","0","0.0","0.0","0.1","2","1","65","73","89.0","6","53","1","0","0","/en/players/6b635f5c/Ardian-Ismajli","Torino","4","40","46","0","0","85","","0","","224","95","0","0","0","0","60","1","Serie-A","2025-2026","Sunday January 4, 2026, 18:00 (venue time) 17:00 (local time)","Hellas Verona","Torino","https://fbref.com/en/matches/45827894/Hellas-Verona-Torino-January-4-2026-Serie-A","18","Stadio Marc'Antonio Bentegodi"
"Alberto Paleari","1","it ITA","GK","33-128","90","0","0","0","0","0","0","1","0","37","0","0","0","0.0","0.0","0.0","0","0","19","37","51.4","0","23","0","0","0","/en/players/94a3606c/Alberto-Paleari","Torino","27","37","0","0","0","37","","0","","173","119","0","0","0","0","14","0","Serie-A","2025-2026","Sunday January 4, 2026, 18:00 (venue time) 17:00 (local time)","Hellas Verona","Torino","https://fbref.com/en/matches/45827894/Hellas-Verona-Torino-January-4-2026-Serie-A","18","Stadio Marc'Antonio Bentegodi"
"Marcus Thuram","9","fr FRA","FW","28-151","82","1","0","0","0","3","2","0","0","49","4","0","4","0.8","0.8","0.6","5","1","22","29","75.9","2","26","1","1","1","/en/players/6f8cd6d0/Marcus-Thuram","Internazionale","0","3","26","20","8","49","100.0","0","0.0","74","15","1","1","4","3","33","8","Serie-A","2025-2026","Sunday January 4, 2026, 20:45 (venue time) 19:45 (local time)","Internazionale","Bologna","https://fbref.com/en/matches/89949bf9/Internazionale-Bologna-January-4-2026-Serie-A","18","Stadio Giuseppe Meazza"
"Matteo Lavelli","53","it ITA","FW","19-027","8","0","0","0","0","0","0","0","0","5","0","0","0","0.0","0.0","0.0","0","0","1","2","50.0","0","1","0","0","0","/en/players/07107203/Matteo-Lavelli","Internazionale","0","0","3","2","0","5","","0","","0","0","0","0","2","0","2","2","Serie-A","2025-2026","Sunday January 4, 2026, 20:45 (venue time) 19:45 (local time)","Internazionale","Bologna","https://fbref.com/en/matches/89949bf9/Internazionale-Bologna-January-4-2026-Serie-A","18","Stadio Giuseppe Meazza"
"Lautaro Martínez","10","ar ARG","FW","28-135","75","1","1","0","0","6","4","0","0","42","1","1","1","1.3","1.3","0.6","6","1","18","21","85.7","7","25","4","2","1","/en/players/f7036e1c/Lautaro-Martinez","Internazionale","1","4","19","20","6","42","50.0","0","0.0","152","111","2","0","2","2","34","6","Serie-A","2025-2026","Sunday January 4, 2026, 20:45 (venue time) 19:45 (local time)","Internazionale","Bologna","https://fbref.com/en/matches/89949bf9/Internazionale-Bologna-January-4-2026-Serie-A","18","Stadio Giuseppe Meazza"
"Francesco Esposito","94","it ITA","FW","20-190","15","0","0","0","0","1","0","0","0","6","0","0","0","0.1","0.1","0.0","0","0","3","3","100.0","2","3","0","2","0","/en/players/041e5f1f/Francesco-Esposito","Internazionale","0","0","3","3","2","6","0.0","2","100.0","18","1","0","1","0","1","5","0","Serie-A","2025-2026","Sunday January 4, 2026, 20:45 (venue time) 19:45 (local time)","Internazionale","Bologna","https://fbref.com/en/matches/89949bf9/Internazionale-Bologna-January-4-2026-Serie-A","18","Stadio Giuseppe Meazza"
"Piotr Zieliński","7","pl POL","CM","31-229","90","1","0","0","0","1","1","0","0","38","1","0","0","0.1","0.1","0.0","0","0","31","35","88.6","2","32","0","0","0","/en/players/a5296e55/Piotr-Zielinski","Internazionale","2","11","18","9","1","38","","0","","103","21","0","0","0","0","31","2","Serie-A","2025-2026","Sunday January 4, 2026, 20:45 (venue time) 19:45 (local time)","Internazionale","Bologna","https://fbref.com/en/matches/89949bf9/Internazionale-Bologna-January-4-2026-Serie-A","18","Stadio Giuseppe Meazza"
"Hakan Çalhanoğlu","20","tr TUR","CM","31-330","67","0","1","0","0","1","1","1","0","66","1","0","1","0.0","0.0","0.8","6","1","52","57","91.2","3","39","0","3","0","/en/players/cd0fa27b/Hakan-Calhanoglu","Internazionale","2","20","35","11","1","66","0.0","3","100.0","128","36","0","1","1","0","44","3","Serie-A","2025-2026","Sunday January 4, 2026, 20:45 (venue time) 19:45 (local time)","Internazionale","Bologna","https://fbref.com/en/matches/89949bf9/Internazionale-Bologna-January-4-2026-Serie-A","18","Stadio Giuseppe Meazza"
"Petar Sucic","8","hr CRO","CM","22-071","23","0","0","0","0","0","0","0","0","6","0","0","0","0.0","0.0","0.1","1","0","3","5","60.0","0","6","0","0","0","/en/players/23fb46ea/Petar-Sucic","Internazionale","0","0","3","3","0","6","","0","","10","5","0","0","1","0","6","1","Serie-A","2025-2026","Sunday January 4, 2026, 20:45 (venue time) 19:45 (local time)","Internazionale","Bologna","https://fbref.com/en/matches/89949bf9/Internazionale-Bologna-January-4-2026-Serie-A","18","Stadio Giuseppe Meazza"
"Nicolò Barella","23","it ITA","CM","28-331","67","0","0","0","0","1","0","1","0","42","3","0","0","0.2","0.2","0.1","4","0","23","29","79.3","4","22","3","1","0","/en/players/6928979a/Nicolo-Barella","Internazionale","0","7","21","14","3","42","0.0","1","100.0","114","67","1","0","5","1","24","3","Serie-A","2025-2026","Sunday January 4, 2026, 20:45 (venue time) 19:45 (local time)","Internazionale","Bologna","https://fbref.com/en/matches/89949bf9/Internazionale-Bologna-January-4-2026-Serie-A","18","Stadio Giuseppe Meazza"
"Henrikh Mkhitaryan","22","am ARM","CM","36-348","23","0","0","0","0","1","0","0","0","11","0","0","0","0.0","0.0","0.0","2","1","5","9","55.6","0","8","2","0","0","/en/players/dd0daf32/Henrikh-Mkhitaryan","Internazionale","0","1","4","6","1","11","","0","","60","27","1","0","0","0","8","1","Serie-A","2025-2026","Sunday January 4, 2026, 20:45 (venue time) 19:45 (local time)","Internazionale","Bologna","https://fbref.com/en/matches/89949bf9/Internazionale-Bologna-January-4-2026-Serie-A","18","Stadio Giuseppe Meazza"
"Federico Dimarco","32","it ITA","WB","28-055","90","0","0","0","0","2","1","0","0","76","1","0","0","0.2","0.2","0.0","5","1","45","67","67.2","5","48","1","2","1","/en/players/970b8574/Federico-Dimarco","Internazionale","1","24","29","23","4","76","50.0","1","50.0","145","66","0","1","0","1","47","7","Serie-A","2025-2026","Sunday January 4, 2026, 20:45 (venue time) 19:45 (local time)","Internazionale","Bologna","https://fbref.com/en/matches/89949bf9/Internazionale-Bologna-January-4-2026-Serie-A","18","Stadio Giuseppe Meazza"
"Luis Henrique","11","br BRA","WB","24-021","90","0","0","0","0","1","0","0","0","52","2","1","0","0.0","0.0","0.0","1","0","39","46","84.8","6","35","1","0","0","/en/players/f36d5624/Luis-Henrique","Internazionale","1","10","37","5","1","52","","0","","126","40","0","0","2","0","39","5","Serie-A","2025-2026","Sunday January 4, 2026, 20:45 (venue time) 19:45 (local time)","Internazionale","Bologna","https://fbref.com/en/matches/89949bf9/Internazionale-Bologna-January-4-2026-Serie-A","18","Stadio Giuseppe Meazza"
"Alessandro Bastoni","95","it ITA","CB","26-266","75","0","0","0","0","1","1","1","0","67","1","1","1","0.0","0.0","0.0","1","0","53","56","94.6","1","39","0","1","0","/en/players/75b86fb3/Alessandro-Bastoni","Internazionale","9","29","27","11","1","67","0.0","1","100.0","140","61","3","0","1","0","41","0","Serie-A","2025-2026","Sunday January 4, 2026, 20:45 (venue time) 19:45 (local time)","Internazionale","Bologna","https://fbref.com/en/matches/89949bf9/Internazionale-Bologna-January-4-2026-Serie-A","18","Stadio Giuseppe Meazza"
"Carlos Augusto","30","br BRA","CB","26-362","15","0","0","0","0","0","0","0","0","10","0","0","0","0.0","0.0","0.0","1","0","9","10","90.0","2","2","1","0","0","/en/players/8d3cd59d/Carlos-Augusto","Internazionale","2","4","6","0","0","10","","0","","20","10","0","0","0","0","3","0","Serie-A","2025-2026","Sunday January 4, 2026, 20:45 (venue time) 19:45 (local time)","Internazionale","Bologna","https://fbref.com/en/matches/89949bf9/Internazionale-Bologna-January-4-2026-Serie-A","18","Stadio Giuseppe Meazza"
"Manuel Akanji","25","ch SUI","CB","30-169","90","0","0","0","0","1","0","0","0","61","2","2","0","0.2","0.2","0.0","1","0","44","52","84.6","0","41","0","0","0","/en/players/89ac64a6/Manuel-Akanji","Internazionale","1","29","30","2","1","61","","0","","168","40","0","0","0","1","37","0","Serie-A","2025-2026","Sunday January 4, 2026, 20:45 (venue time) 19:45 (local time)","Internazionale","Bologna","https://fbref.com/en/matches/89949bf9/Internazionale-Bologna-January-4-2026-Serie-A","18","Stadio Giuseppe Meazza"
"Yann Aurel Bisseck","31","de GER","CB","25-036","90","0","0","0","0","0","0","0","0","57","1","1","1","0.0","0.0","0.0","1","0","41","47","87.2","5","29","0","2","1","/en/players/3963c25b/Yann-Aurel-Bisseck","Internazionale","1","28","25","4","0","57","50.0","1","50.0","131","20","1","0","0","3","26","0","Serie-A","2025-2026","Sunday January 4, 2026, 20:45 (venue time) 19:45 (local time)","Internazionale","Bologna","https://fbref.com/en/matches/89949bf9/Internazionale-Bologna-January-4-2026-Serie-A","18","Stadio Giuseppe Meazza"
"Yann Sommer","1","ch SUI","GK","37-018","90","0","0","0","0","0","0","0","0","36","0","0","0","0.0","0.0","0.0","0","0","27","35","77.1","0","31","0","0","0","/en/players/420c18a1/Yann-Sommer","Internazionale","24","36","0","0","0","36","","0","","147","65","0","0","0","0","30","0","Serie-A","2025-2026","Sunday January 4, 2026, 20:45 (venue time) 19:45 (local time)","Internazionale","Bologna","https://fbref.com/en/matches/89949bf9/Internazionale-Bologna-January-4-2026-Serie-A","18","Stadio Giuseppe Meazza"
"Santiago Castro","9","ar ARG","FW","21-097","90","1","0","0","0","2","1","0","0","24","1","1","0","0.8","0.8","0.0","2","0","13","14","92.9","2","10","1","2","0","/en/players/ee5565ae/Santiago-Castro","Bologna","3","5","12","7","2","24","0.0","1","50.0","40","21","0","1","2","0","12","3","Serie-A","2025-2026","Sunday January 4, 2026, 20:45 (venue time) 19:45 (local time)","Internazionale","Bologna","https://fbref.com/en/matches/89949bf9/Internazionale-Bologna-January-4-2026-Serie-A","18","Stadio Giuseppe Meazza"
"Nicolò Cambiaghi","28","it ITA","LW","25-007","67","0","0","0","0","0","0","0","0","24","3","0","1","0.0","0.0","0.0","0","0","10","15","66.7","1","9","0","2","0","/en/players/91ff775f/Nicolo-Cambiaghi","Bologna","0","2","10","12","0","24","0.0","2","100.0","38","12","1","0","2","0","15","3","Serie-A","2025-2026","Sunday January 4, 2026, 20:45 (venue time) 19:45 (local time)","Internazionale","Bologna","https://fbref.com/en/matches/89949bf9/Internazionale-Bologna-January-4-2026-Serie-A","18","Stadio Giuseppe Meazza"
"Riccardo Orsolini","7","it ITA","RW","28-345","23","0","0","0","0","0","0","0","0","4","0","0","0","0.0","0.0","0.0","0","0","2","3","66.7","1","4","1","0","0","/en/players/e14ec482/Riccardo-Orsolini","Bologna","0","0","2","2","0","4","","0","","24","18","1","0","1","0","7","1","Serie-A","2025-2026","Sunday January 4, 2026, 20:45 (venue time) 19:45 (local time)","Internazionale","Bologna","https://fbref.com/en/matches/89949bf9/Internazionale-Bologna-January-4-2026-Serie-A","18","Stadio Giuseppe Meazza"
"Jonathan Rowe","11","eng ENG","RW,LW","22-249","90","0","0","0","0","2","1","1","0","23","2","0","0","0.0","0.0","0.0","2","0","9","13","69.2","1","16","0","2","0","/en/players/8c12f884/Jonathan-Rowe","Bologna","0","5","11","7","2","23","0.0","2","100.0","88","24","1","0","1","2","17","3","Serie-A","2025-2026","Sunday January 4, 2026, 20:45 (venue time) 19:45 (local time)","Internazionale","Bologna","https://fbref.com/en/matches/89949bf9/Internazionale-Bologna-January-4-2026-Serie-A","18","Stadio Giuseppe Meazza"
"Jens Odgaard","21","dk DEN","AM","26-279","78","0","0","0","0","2","0","0","0","19","0","0","0","0.1","0.1","0.0","0","0","5","9","55.6","0","10","3","1","0","/en/players/75374ee7/Jens-Odgaard","Bologna","2","3","11","5","1","19","0.0","1","100.0","127","65","1","0","4","1","10","2","Serie-A","2025-2026","Sunday January 4, 2026, 20:45 (venue time) 19:45 (local time)","Internazionale","Bologna","https://fbref.com/en/matches/89949bf9/Internazionale-Bologna-January-4-2026-Serie-A","18","Stadio Giuseppe Meazza"
"Remo Freuler","8","ch SUI","DM","33-264","12","0","0","0","0","0","0","0","0","11","0","0","0","0.0","0.0","0.0","1","1","11","11","100.0","1","3","0","0","0","/en/players/98d2c2c4/Remo-Freuler","Bologna","2","2","8","2","0","11","","0","","40","11","0","0","0","0","9","0","Serie-A","2025-2026","Sunday January 4, 2026, 20:45 (venue time) 19:45 (local time)","Internazionale","Bologna","https://fbref.com/en/matches/89949bf9/Internazionale-Bologna-January-4-2026-Serie-A","18","Stadio Giuseppe Meazza"
"Lewis Ferguson","19","sct SCO","DM,AM","26-133","90","0","0","0","0","0","0","0","0","51","0","0","2","0.0","0.0","0.0","0","0","38","43","88.4","3","23","0","2","1","/en/players/ee64a822/Lewis-Ferguson","Bologna","1","13","36","2","0","51","50.0","0","0.0","91","32","0","0","0","3","30","1","Serie-A","2025-2026","Sunday January 4, 2026, 20:45 (venue time) 19:45 (local time)","Internazionale","Bologna","https://fbref.com/en/matches/89949bf9/Internazionale-Bologna-January-4-2026-Serie-A","18","Stadio Giuseppe Meazza"
"Nikola Moro","6","hr CRO","DM","27-298","45","0","0","0","0","0","0","0","0","30","0","0","1","0.0","0.0","0.0","1","0","20","24","83.3","2","12","0","0","0","/en/players/ff579c7e/Nikola-Moro","Bologna","1","9","20","1","0","30","","0","","46","14","0","0","1","0","19","1","Serie-A","2025-2026","Sunday January 4, 2026, 20:45 (venue time) 19:45 (local time)","Internazionale","Bologna","https://fbref.com/en/matches/89949bf9/Internazionale-Bologna-January-4-2026-Serie-A","18","Stadio Giuseppe Meazza"
"Tommaso Pobega","4","it ITA","DM","26-173","45","0","0","0","0","0","0","0","0","36","1","1","5","0.0","0.0","0.0","1","0","17","26","65.4","2","10","0","0","0","/en/players/55a1cac2/Tommaso-Pobega","Bologna","1","10","24","2","0","36","","0","","47","10","0","0","1","0","20","1","Serie-A","2025-2026","Sunday January 4, 2026, 20:45 (venue time) 19:45 (local time)","Internazionale","Bologna","https://fbref.com/en/matches/89949bf9/Internazionale-Bologna-January-4-2026-Serie-A","18","Stadio Giuseppe Meazza"
"Charalampos Lykogiannis","22","gr GRE","LB","32-074","90","0","1","0","0","0","0","1","0","49","6","1","1","0.0","0.0","0.8","1","1","24","36","66.7","1","16","2","1","0","/en/players/5efc5389/Charalampos-Lykogiannis","Bologna","6","20","19","11","1","49","0.0","1","100.0","95","48","3","0","0","1","21","0","Serie-A","2025-2026","Sunday January 4, 2026, 20:45 (venue time) 19:45 (local time)","Internazionale","Bologna","https://fbref.com/en/matches/89949bf9/Internazionale-Bologna-January-4-2026-Serie-A","18","Stadio Giuseppe Meazza"
"Jhon Lucumí","26","co COL","CB","27-192","45","0","0","0","0","0","0","0","0","33","0","3","0","0.0","0.0","0.0","0","0","19","24","79.2","0","14","0","0","0","/en/players/80490d7f/Jhon-Lucumi","Bologna","2","21","12","0","0","33","","0","","57","22","1","1","1","1","13","0","Serie-A","2025-2026","Sunday January 4, 2026, 20:45 (venue time) 19:45 (local time)","Internazionale","Bologna","https://fbref.com/en/matches/89949bf9/Internazionale-Bologna-January-4-2026-Serie-A","18","Stadio Giuseppe Meazza"
"Martin Vitík","41","cz CZE","CB","22-348","45","0","0","0","0","0","0","1","0","29","2","0","0","0.0","0.0","0.0","0","0","17","21","81.0","3","13","0","0","0","/en/players/b6b6bfc4/Martin-Vitik","Bologna","3","13","14","2","1","29","","0","","51","20","0","0","1","0","17","1","Serie-A","2025-2026","Sunday January 4, 2026, 20:45 (venue time) 19:45 (local time)","Internazionale","Bologna","https://fbref.com/en/matches/89949bf9/Internazionale-Bologna-January-4-2026-Serie-A","18","Stadio Giuseppe Meazza"
"Torbjørn Heggem","14","no NOR","CB","26-357","90","0","0","0","0","0","0","0","0","47","3","2","0","0.0","0.0","0.0","0","0","26","27","96.3","1","16","0","0","0","/en/players/834fea76/Torbjorn-Heggem","Bologna","11","30","17","0","0","47","","0","","57","9","0","0","1","0","22","0","Serie-A","2025-2026","Sunday January 4, 2026, 20:45 (venue time) 19:45 (local time)","Internazionale","Bologna","https://fbref.com/en/matches/89949bf9/Internazionale-Bologna-January-4-2026-Serie-A","18","Stadio Giuseppe Meazza"
"Emil Holm","2","se SWE","RB","25-236","67","0","0","0","0","0","0","0","0","48","3","0","2","0.0","0.0","0.0","1","0","31","41","75.6","2","20","0","2","0","/en/players/c2357b65/Emil-Holm","Bologna","5","13","28","7","1","48","0.0","1","50.0","109","43","0","0","0","0","26","2","Serie-A","2025-2026","Sunday January 4, 2026, 20:45 (venue time) 19:45 (local time)","Internazionale","Bologna","https://fbref.com/en/matches/89949bf9/Internazionale-Bologna-January-4-2026-Serie-A","18","Stadio Giuseppe Meazza"
"Nadir Zortea","20","it ITA","RB","26-199","23","0","0","0","0","0","0","0","0","21","0","1","0","0.0","0.0","0.0","0","0","11","14","78.6","1","8","2","3","1","/en/players/82598b71/Nadir-Zortea","Bologna","1","4","12","5","1","21","33.3","1","33.3","46","31","0","0","2","0","11","3","Serie-A","2025-2026","Sunday January 4, 2026, 20:45 (venue time) 19:45 (local time)","Internazionale","Bologna","https://fbref.com/en/matches/89949bf9/Internazionale-Bologna-January-4-2026-Serie-A","18","Stadio Giuseppe Meazza"
"Federico Ravaglia","13","it ITA","GK","26-054","90","0","0","0","0","0","0","0","0","56","0","0","0","0.0","0.0","0.0","1","0","32","49","65.3","0","26","0","0","0","/en/players/6662d731/Federico-Ravaglia","Bologna","44","56","0","0","0","56","","0","","143","77","0","0","0","0","34","0","Serie-A","2025-2026","Sunday January 4, 2026, 20:45 (venue time) 19:45 (local time)","Internazionale","Bologna","https://fbref.com/en/matches/89949bf9/Internazionale-Bologna-January-4-2026-Serie-A","18","Stadio Giuseppe Meazza"
