"player","shirtnumber","nationality","position","age","minutes","touches","touches_def_pen_area","touches_def_3rd","touches_mid_3rd","touches_att_3rd","touches_att_pen_area","touches_live_ball","take_ons","take_ons_won","take_ons_won_pct","take_ons_tackled","take_ons_tackled_pct","carries","carries_distance","carries_progressive_distance","progressive_carries","carries_into_final_third","carries_into_penalty_area","miscontrols","dispossessed","passes_received","progressive_passes_received","team","league","season","match_date","home_team","away_team","match_url","gameweek"
"Lee Jae-sung","7","kr KOR","FW","33-103","66","23","0","4","15","5","2","23","1","1","100.0","0","0.0","15","30","4","0","0","0","1","1","17","3","Mainz 05","Bundesliga","2025-2026","Friday November 21, 2025, 20:30 (venue time) 19:30 (local time)","Mainz 05","Hoffenheim","https://fbref.com/en/matches/9fc01308/Mainz-05-Hoffenheim-November-21-2025-Bundesliga","11"
"Nelson Weiper","44","de GER","FW","20-249","24","3","0","1","1","1","0","3","0","0","","0","","3","7","0","0","1","0","0","0","4","0","Mainz 05","Bundesliga","2025-2026","Friday November 21, 2025, 20:30 (venue time) 19:30 (local time)","Mainz 05","Hoffenheim","https://fbref.com/en/matches/9fc01308/Mainz-05-Hoffenheim-November-21-2025-Bundesliga","11"
"Benedict Hollerbach","17","de GER","AM","24-188","89","39","2","5","13","23","14","39","5","3","60.0","2","40.0","22","201","129","6","3","4","4","2","28","6","Mainz 05","Bundesliga","2025-2026","Friday November 21, 2025, 20:30 (venue time) 19:30 (local time)","Mainz 05","Hoffenheim","https://fbref.com/en/matches/9fc01308/Mainz-05-Hoffenheim-November-21-2025-Bundesliga","11"
"Stefan Bell","16","de GER","AM","34-089","1","3","0","2","1","0","0","3","0","0","","0","","0","0","0","0","0","0","0","0","1","0","Mainz 05","Bundesliga","2025-2026","Friday November 21, 2025, 20:30 (venue time) 19:30 (local time)","Mainz 05","Hoffenheim","https://fbref.com/en/matches/9fc01308/Mainz-05-Hoffenheim-November-21-2025-Bundesliga","11"
"Paul Nebel","8","de GER","AM","23-042","90","59","3","10","23","26","4","59","3","2","66.7","1","33.3","37","221","58","4","0","2","3","1","37","11","Mainz 05","Bundesliga","2025-2026","Friday November 21, 2025, 20:30 (venue time) 19:30 (local time)","Mainz 05","Hoffenheim","https://fbref.com/en/matches/9fc01308/Mainz-05-Hoffenheim-November-21-2025-Bundesliga","11"
"Kaishu Sano","6","jp JPN","CM","24-326","90","49","6","13","24","13","3","49","2","1","50.0","1","50.0","19","158","76","2","2","0","2","0","16","1","Mainz 05","Bundesliga","2025-2026","Friday November 21, 2025, 20:30 (venue time) 19:30 (local time)","Mainz 05","Hoffenheim","https://fbref.com/en/matches/9fc01308/Mainz-05-Hoffenheim-November-21-2025-Bundesliga","11"
"Nadiem Amiri","10","de GER","CM","29-025","90","57","3","12","23","23","1","57","1","1","100.0","0","0.0","25","149","42","1","1","1","0","1","20","2","Mainz 05","Bundesliga","2025-2026","Friday November 21, 2025, 20:30 (venue time) 19:30 (local time)","Mainz 05","Hoffenheim","https://fbref.com/en/matches/9fc01308/Mainz-05-Hoffenheim-November-21-2025-Bundesliga","11"
"Silvan Widmer","30","ch SUI","WB","32-261","45","29","0","9","14","6","1","29","0","0","","0","","14","40","9","0","1","0","3","0","17","1","Mainz 05","Bundesliga","2025-2026","Friday November 21, 2025, 20:30 (venue time) 19:30 (local time)","Mainz 05","Hoffenheim","https://fbref.com/en/matches/9fc01308/Mainz-05-Hoffenheim-November-21-2025-Bundesliga","11"
"Sota Kawasaki","24","jp JPN","WB","24-114","45","30","1","11","11","8","3","30","1","0","0.0","1","100.0","15","74","30","0","1","0","1","1","12","2","Mainz 05","Bundesliga","2025-2026","Friday November 21, 2025, 20:30 (venue time) 19:30 (local time)","Mainz 05","Hoffenheim","https://fbref.com/en/matches/9fc01308/Mainz-05-Hoffenheim-November-21-2025-Bundesliga","11"
"Phillipp Mwene","2","at AUT","WB","31-296","90","75","2","21","31","24","7","75","1","0","0.0","1","100.0","39","125","59","3","2","2","1","1","38","7","Mainz 05","Bundesliga","2025-2026","Friday November 21, 2025, 20:30 (venue time) 19:30 (local time)","Mainz 05","Hoffenheim","https://fbref.com/en/matches/9fc01308/Mainz-05-Hoffenheim-November-21-2025-Bundesliga","11"
"Andreas Hanche-Olsen","25","no NOR","CB","28-308","90","49","10","30","16","3","3","49","0","0","","0","","19","50","15","0","0","0","1","0","20","0","Mainz 05","Bundesliga","2025-2026","Friday November 21, 2025, 20:30 (venue time) 19:30 (local time)","Mainz 05","Hoffenheim","https://fbref.com/en/matches/9fc01308/Mainz-05-Hoffenheim-November-21-2025-Bundesliga","11"
"Lennard Maloney","15","us USA","CB","26-044","45","36","7","21","11","4","1","36","0","0","","0","","21","57","11","0","0","0","0","0","18","0","Mainz 05","Bundesliga","2025-2026","Friday November 21, 2025, 20:30 (venue time) 19:30 (local time)","Mainz 05","Hoffenheim","https://fbref.com/en/matches/9fc01308/Mainz-05-Hoffenheim-November-21-2025-Bundesliga","11"
"Danny da Costa","21","de GER","CB","32-131","45","34","9","20","7","8","3","34","2","1","50.0","1","50.0","11","52","4","1","0","0","2","0","8","0","Mainz 05","Bundesliga","2025-2026","Friday November 21, 2025, 20:30 (venue time) 19:30 (local time)","Mainz 05","Hoffenheim","https://fbref.com/en/matches/9fc01308/Mainz-05-Hoffenheim-November-21-2025-Bundesliga","11"
"Dominik Kohr","31","de GER","CB","31-294","87","41","10","30","8","3","1","41","0","0","","0","","24","66","39","0","0","0","1","0","25","1","Mainz 05","Bundesliga","2025-2026","Friday November 21, 2025, 20:30 (venue time) 19:30 (local time)","Mainz 05","Hoffenheim","https://fbref.com/en/matches/9fc01308/Mainz-05-Hoffenheim-November-21-2025-Bundesliga","11"
"Robin Zentner","27","de GER","GK","31-024","90","55","46","54","1","0","0","55","0","0","","0","","40","212","125","0","0","0","0","0","30","0","Mainz 05","Bundesliga","2025-2026","Friday November 21, 2025, 20:30 (venue time) 19:30 (local time)","Mainz 05","Hoffenheim","https://fbref.com/en/matches/9fc01308/Mainz-05-Hoffenheim-November-21-2025-Bundesliga","11"
"Bazoumana Touré","29","ci CIV","FW","19-264","76","44","1","5","21","20","6","44","2","0","0.0","2","100.0","25","143","52","1","0","1","3","1","32","8","Hoffenheim","Bundesliga","2025-2026","Friday November 21, 2025, 20:30 (venue time) 19:30 (local time)","Mainz 05","Hoffenheim","https://fbref.com/en/matches/9fc01308/Mainz-05-Hoffenheim-November-21-2025-Bundesliga","11"
"Max Moerstedt","33","de GER","FW","19-310","14","13","2","3","3","7","1","13","1","1","100.0","0","0.0","6","11","3","0","1","0","1","0","8","2","Hoffenheim","Bundesliga","2025-2026","Friday November 21, 2025, 20:30 (venue time) 19:30 (local time)","Mainz 05","Hoffenheim","https://fbref.com/en/matches/9fc01308/Mainz-05-Hoffenheim-November-21-2025-Bundesliga","11"
"Fisnik Asllani","11","xk KVX","FW","23-105","89","37","1","6","11","20","6","37","2","0","0.0","2","100.0","13","44","27","1","0","1","2","0","26","11","Hoffenheim","Bundesliga","2025-2026","Friday November 21, 2025, 20:30 (venue time) 19:30 (local time)","Mainz 05","Hoffenheim","https://fbref.com/en/matches/9fc01308/Mainz-05-Hoffenheim-November-21-2025-Bundesliga","11"
"Ihlas Bebou","9","tg TOG","FW","31-212","1","4","1","2","1","1","1","4","0","0","","0","","2","13","1","1","0","0","0","0","2","2","Hoffenheim","Bundesliga","2025-2026","Friday November 21, 2025, 20:30 (venue time) 19:30 (local time)","Mainz 05","Hoffenheim","https://fbref.com/en/matches/9fc01308/Mainz-05-Hoffenheim-November-21-2025-Bundesliga","11"
"Andrej Kramarić","27","hr CRO","AM","34-155","57","36","0","4","11","21","2","36","0","0","","0","","23","100","41","1","1","0","1","1","27","3","Hoffenheim","Bundesliga","2025-2026","Friday November 21, 2025, 20:30 (venue time) 19:30 (local time)","Mainz 05","Hoffenheim","https://fbref.com/en/matches/9fc01308/Mainz-05-Hoffenheim-November-21-2025-Bundesliga","11"
"Tim Lemperle","19","de GER","AM","23-289","33","26","1","3","5","18","11","26","0","0","","0","","16","88","73","2","1","1","1","0","21","10","Hoffenheim","Bundesliga","2025-2026","Friday November 21, 2025, 20:30 (venue time) 19:30 (local time)","Mainz 05","Hoffenheim","https://fbref.com/en/matches/9fc01308/Mainz-05-Hoffenheim-November-21-2025-Bundesliga","11"
"Wouter Burger","18","nl NED","LM","24-278","90","54","2","7","28","20","2","54","1","1","100.0","0","0.0","28","118","52","0","1","0","0","0","31","2","Hoffenheim","Bundesliga","2025-2026","Friday November 21, 2025, 20:30 (venue time) 19:30 (local time)","Mainz 05","Hoffenheim","https://fbref.com/en/matches/9fc01308/Mainz-05-Hoffenheim-November-21-2025-Bundesliga","11"
"Grischa Prömel","6","de GER","RM","30-316","90","74","4","11","37","28","6","74","2","2","100.0","0","0.0","34","212","150","4","5","0","1","0","36","1","Hoffenheim","Bundesliga","2025-2026","Friday November 21, 2025, 20:30 (venue time) 19:30 (local time)","Mainz 05","Hoffenheim","https://fbref.com/en/matches/9fc01308/Mainz-05-Hoffenheim-November-21-2025-Bundesliga","11"
"Leon Avdullahu","7","xk KVX","DM","21-271","90","52","7","22","26","5","0","52","0","0","","0","","26","103","54","0","0","0","0","0","28","1","Hoffenheim","Bundesliga","2025-2026","Friday November 21, 2025, 20:30 (venue time) 19:30 (local time)","Mainz 05","Hoffenheim","https://fbref.com/en/matches/9fc01308/Mainz-05-Hoffenheim-November-21-2025-Bundesliga","11"
"Bernardo","13","br BRA","LB","30-191","90","74","9","32","26","16","0","74","0","0","","0","","27","64","33","0","2","0","1","0","33","3","Hoffenheim","Bundesliga","2025-2026","Friday November 21, 2025, 20:30 (venue time) 19:30 (local time)","Mainz 05","Hoffenheim","https://fbref.com/en/matches/9fc01308/Mainz-05-Hoffenheim-November-21-2025-Bundesliga","11"
"Albian Hajdari","21","xk KVX","CB","22-187","90","70","11","32","33","5","2","70","0","0","","0","","33","109","54","0","0","0","0","0","40","0","Hoffenheim","Bundesliga","2025-2026","Friday November 21, 2025, 20:30 (venue time) 19:30 (local time)","Mainz 05","Hoffenheim","https://fbref.com/en/matches/9fc01308/Mainz-05-Hoffenheim-November-21-2025-Bundesliga","11"
"Robin Hranáč","2","cz CZE","CB","25-296","90","55","7","25","22","8","0","55","0","0","","0","","21","100","29","0","0","0","1","0","25","0","Hoffenheim","Bundesliga","2025-2026","Friday November 21, 2025, 20:30 (venue time) 19:30 (local time)","Mainz 05","Hoffenheim","https://fbref.com/en/matches/9fc01308/Mainz-05-Hoffenheim-November-21-2025-Bundesliga","11"
"Vladimír Coufal","34","cz CZE","RB","33-091","90","78","7","26","25","27","3","78","1","1","100.0","0","0.0","25","85","55","1","2","0","1","0","32","7","Hoffenheim","Bundesliga","2025-2026","Friday November 21, 2025, 20:30 (venue time) 19:30 (local time)","Mainz 05","Hoffenheim","https://fbref.com/en/matches/9fc01308/Mainz-05-Hoffenheim-November-21-2025-Bundesliga","11"
"Oliver Baumann","1","de GER","GK","35-172","90","37","26","37","0","0","0","37","0","0","","0","","20","65","27","0","0","0","0","0","18","0","Hoffenheim","Bundesliga","2025-2026","Friday November 21, 2025, 20:30 (venue time) 19:30 (local time)","Mainz 05","Hoffenheim","https://fbref.com/en/matches/9fc01308/Mainz-05-Hoffenheim-November-21-2025-Bundesliga","11"
"Harry Kane","9","eng ENG","FW,AM","32-117","82","39","3","8","15","17","6","39","3","2","66.7","1","33.3","18","125","90","1","2","0","1","0","30","3","Bayern Munich","Bundesliga","2025-2026","Saturday November 22, 2025, 15:30 (venue time) 14:30 (local time)","Bayern Munich","Freiburg","https://fbref.com/en/matches/1ed265a3/Bayern-Munich-Freiburg-November-22-2025-Bundesliga","11"
"Wisdom Mike","36","de GER","LW","17-059","8","6","0","1","5","0","0","6","0","0","","0","","2","3","0","0","0","0","0","1","4","1","Bayern Munich","Bundesliga","2025-2026","Saturday November 22, 2025, 15:30 (venue time) 14:30 (local time)","Bayern Munich","Freiburg","https://fbref.com/en/matches/1ed265a3/Bayern-Munich-Freiburg-November-22-2025-Bundesliga","11"
"Luis Díaz","14","co COL","LW,AM","28-313","90","50","0","0","20","30","4","50","2","0","0.0","2","100.0","32","181","85","3","2","1","2","2","42","7","Bayern Munich","Bundesliga","2025-2026","Saturday November 22, 2025, 15:30 (venue time) 14:30 (local time)","Bayern Munich","Freiburg","https://fbref.com/en/matches/1ed265a3/Bayern-Munich-Freiburg-November-22-2025-Bundesliga","11"
"Michael Olise","17","fr FRA","RW","23-345","90","111","1","4","32","76","10","111","6","5","83.3","1","16.7","74","442","227","9","7","4","3","0","95","19","Bayern Munich","Bundesliga","2025-2026","Saturday November 22, 2025, 15:30 (venue time) 14:30 (local time)","Bayern Munich","Freiburg","https://fbref.com/en/matches/1ed265a3/Bayern-Munich-Freiburg-November-22-2025-Bundesliga","11"
"Lennart Karl","42","de GER","AM","17-273","70","72","0","6","27","39","7","72","7","4","57.1","3","42.9","45","160","70","1","0","2","3","0","61","13","Bayern Munich","Bundesliga","2025-2026","Saturday November 22, 2025, 15:30 (venue time) 14:30 (local time)","Bayern Munich","Freiburg","https://fbref.com/en/matches/1ed265a3/Bayern-Munich-Freiburg-November-22-2025-Bundesliga","11"
"Nicolas Jackson","11","sn SEN","FW","24-155","20","13","0","0","6","7","3","13","0","0","","0","","7","24","10","0","0","0","0","0","10","1","Bayern Munich","Bundesliga","2025-2026","Saturday November 22, 2025, 15:30 (venue time) 14:30 (local time)","Bayern Munich","Freiburg","https://fbref.com/en/matches/1ed265a3/Bayern-Munich-Freiburg-November-22-2025-Bundesliga","11"
"Leon Goretzka","8","de GER","DM","30-289","45","37","2","9","22","6","0","37","0","0","","0","","21","126","76","2","0","0","0","1","27","1","Bayern Munich","Bundesliga","2025-2026","Saturday November 22, 2025, 15:30 (venue time) 14:30 (local time)","Bayern Munich","Freiburg","https://fbref.com/en/matches/1ed265a3/Bayern-Munich-Freiburg-November-22-2025-Bundesliga","11"
"Konrad Laimer","27","at AUT","LB,DM","28-179","45","52","1","10","28","14","0","52","0","0","","0","","29","114","72","1","1","0","0","0","42","1","Bayern Munich","Bundesliga","2025-2026","Saturday November 22, 2025, 15:30 (venue time) 14:30 (local time)","Bayern Munich","Freiburg","https://fbref.com/en/matches/1ed265a3/Bayern-Munich-Freiburg-November-22-2025-Bundesliga","11"
"Aleksandar Pavlovic","45","de GER","DM","21-203","82","106","3","10","51","45","2","106","2","1","50.0","1","50.0","60","223","85","2","3","0","2","0","90","4","Bayern Munich","Bundesliga","2025-2026","Saturday November 22, 2025, 15:30 (venue time) 14:30 (local time)","Bayern Munich","Freiburg","https://fbref.com/en/matches/1ed265a3/Bayern-Munich-Freiburg-November-22-2025-Bundesliga","11"
"Hiroki Ito","21","jp JPN","LB","26-194","8","17","0","3","14","0","0","17","0","0","","0","","8","40","20","0","0","0","0","0","13","0","Bayern Munich","Bundesliga","2025-2026","Saturday November 22, 2025, 15:30 (venue time) 14:30 (local time)","Bayern Munich","Freiburg","https://fbref.com/en/matches/1ed265a3/Bayern-Munich-Freiburg-November-22-2025-Bundesliga","11"
"Tom Bischof","20","de GER","DM,LB","20-147","90","72","3","17","32","23","0","72","1","1","100.0","0","0.0","35","130","25","0","0","0","0","1","49","2","Bayern Munich","Bundesliga","2025-2026","Saturday November 22, 2025, 15:30 (venue time) 14:30 (local time)","Bayern Munich","Freiburg","https://fbref.com/en/matches/1ed265a3/Bayern-Munich-Freiburg-November-22-2025-Bundesliga","11"
"Jonathan Tah","4","de GER","CB","29-284","90","104","5","30","69","5","0","104","2","1","50.0","1","50.0","59","208","103","0","0","0","0","0","86","0","Bayern Munich","Bundesliga","2025-2026","Saturday November 22, 2025, 15:30 (venue time) 14:30 (local time)","Bayern Munich","Freiburg","https://fbref.com/en/matches/1ed265a3/Bayern-Munich-Freiburg-November-22-2025-Bundesliga","11"
"Dayot Upamecano","2","fr FRA","CB","27-026","76","91","7","28","47","17","2","91","0","0","","0","","54","263","159","0","0","0","0","0","69","0","Bayern Munich","Bundesliga","2025-2026","Saturday November 22, 2025, 15:30 (venue time) 14:30 (local time)","Bayern Munich","Freiburg","https://fbref.com/en/matches/1ed265a3/Bayern-Munich-Freiburg-November-22-2025-Bundesliga","11"
"Kim Min-jae","3","kr KOR","CB","29-007","14","29","2","9","18","2","0","29","0","0","","0","","21","134","91","1","1","0","0","0","22","0","Bayern Munich","Bundesliga","2025-2026","Saturday November 22, 2025, 15:30 (venue time) 14:30 (local time)","Bayern Munich","Freiburg","https://fbref.com/en/matches/1ed265a3/Bayern-Munich-Freiburg-November-22-2025-Bundesliga","11"
"Josip Stanišić","44","hr CRO","RB","25-234","90","84","5","17","38","29","2","84","0","0","","0","","40","151","51","2","1","0","0","1","60","5","Bayern Munich","Bundesliga","2025-2026","Saturday November 22, 2025, 15:30 (venue time) 14:30 (local time)","Bayern Munich","Freiburg","https://fbref.com/en/matches/1ed265a3/Bayern-Munich-Freiburg-November-22-2025-Bundesliga","11"
"Manuel Neuer","1","de GER","GK","39-240","90","41","26","41","0","0","0","41","0","0","","0","","21","79","43","0","0","0","0","0","26","0","Bayern Munich","Bundesliga","2025-2026","Saturday November 22, 2025, 15:30 (venue time) 14:30 (local time)","Bayern Munich","Freiburg","https://fbref.com/en/matches/1ed265a3/Bayern-Munich-Freiburg-November-22-2025-Bundesliga","11"
"Lucas Höler","9","de GER","FW","31-135","63","31","0","7","14","11","1","31","1","1","100.0","0","0.0","8","19","7","0","1","0","1","0","22","2","Freiburg","Bundesliga","2025-2026","Saturday November 22, 2025, 15:30 (venue time) 14:30 (local time)","Bayern Munich","Freiburg","https://fbref.com/en/matches/1ed265a3/Bayern-Munich-Freiburg-November-22-2025-Bundesliga","11"
"Igor Matanovic","31","hr CRO","FW","22-236","27","8","0","0","7","1","0","8","1","0","0.0","1","100.0","2","30","0","0","0","0","0","0","6","0","Freiburg","Bundesliga","2025-2026","Saturday November 22, 2025, 15:30 (venue time) 14:30 (local time)","Bayern Munich","Freiburg","https://fbref.com/en/matches/1ed265a3/Bayern-Munich-Freiburg-November-22-2025-Bundesliga","11"
"Yuito Suzuki","14","jp JPN","FW","24-028","76","25","1","8","7","11","2","25","6","2","33.3","3","50.0","11","84","54","3","2","0","1","2","12","2","Freiburg","Bundesliga","2025-2026","Saturday November 22, 2025, 15:30 (venue time) 14:30 (local time)","Bayern Munich","Freiburg","https://fbref.com/en/matches/1ed265a3/Bayern-Munich-Freiburg-November-22-2025-Bundesliga","11"
"Vincenzo Grifo","32","it ITA","LW","32-229","14","14","1","3","11","0","0","14","0","0","","0","","7","57","26","0","0","0","0","0","10","1","Freiburg","Bundesliga","2025-2026","Saturday November 22, 2025, 15:30 (venue time) 14:30 (local time)","Bayern Munich","Freiburg","https://fbref.com/en/matches/1ed265a3/Bayern-Munich-Freiburg-November-22-2025-Bundesliga","11"
"Derry Scherhant","7","de GER","LM","23-012","63","19","1","4","7","9","1","19","2","2","100.0","0","0.0","10","102","42","1","2","0","2","4","11","2","Freiburg","Bundesliga","2025-2026","Saturday November 22, 2025, 15:30 (venue time) 14:30 (local time)","Bayern Munich","Freiburg","https://fbref.com/en/matches/1ed265a3/Bayern-Munich-Freiburg-November-22-2025-Bundesliga","11"
"Eren Dinkçi","18","de GER","AM,LM","23-344","27","14","1","3","9","2","0","14","0","0","","0","","4","24","20","0","0","0","0","0","8","0","Freiburg","Bundesliga","2025-2026","Saturday November 22, 2025, 15:30 (venue time) 14:30 (local time)","Bayern Munich","Freiburg","https://fbref.com/en/matches/1ed265a3/Bayern-Munich-Freiburg-November-22-2025-Bundesliga","11"
"Johan Manzambi","44","ch SUI","CM","20-039","63","31","1","6","16","10","1","31","0","0","","0","","14","152","77","2","0","0","1","2","14","0","Freiburg","Bundesliga","2025-2026","Saturday November 22, 2025, 15:30 (venue time) 14:30 (local time)","Bayern Munich","Freiburg","https://fbref.com/en/matches/1ed265a3/Bayern-Munich-Freiburg-November-22-2025-Bundesliga","11"
"Patrick Osterhage","6","de GER","DM,CM","25-294","27","18","1","4","12","2","0","18","0","0","","0","","11","65","47","1","1","0","0","0","13","0","Freiburg","Bundesliga","2025-2026","Saturday November 22, 2025, 15:30 (venue time) 14:30 (local time)","Bayern Munich","Freiburg","https://fbref.com/en/matches/1ed265a3/Bayern-Munich-Freiburg-November-22-2025-Bundesliga","11"
"Maximilian Eggestein","8","de GER","CM,DM","28-349","90","37","3","10","24","4","1","37","0","0","","0","","20","119","38","1","0","0","0","0","22","0","Freiburg","Bundesliga","2025-2026","Saturday November 22, 2025, 15:30 (venue time) 14:30 (local time)","Bayern Munich","Freiburg","https://fbref.com/en/matches/1ed265a3/Bayern-Munich-Freiburg-November-22-2025-Bundesliga","11"
"Jan-Niklas Beste","19","de GER","RM,RW","26-322","90","34","2","7","12","16","4","34","2","0","0.0","2","100.0","10","51","19","1","0","0","2","0","13","4","Freiburg","Bundesliga","2025-2026","Saturday November 22, 2025, 15:30 (venue time) 14:30 (local time)","Bayern Munich","Freiburg","https://fbref.com/en/matches/1ed265a3/Bayern-Munich-Freiburg-November-22-2025-Bundesliga","11"
"Jordy Makengo","33","fr FRA","LB","24-111","90","42","7","18","20","4","0","42","0","0","","0","","10","19","4","0","1","0","2","0","17","0","Freiburg","Bundesliga","2025-2026","Saturday November 22, 2025, 15:30 (venue time) 14:30 (local time)","Bayern Munich","Freiburg","https://fbref.com/en/matches/1ed265a3/Bayern-Munich-Freiburg-November-22-2025-Bundesliga","11"
"Max Rosenfelder","37","de GER","CB","22-285","76","47","12","40","7","1","1","47","0","0","","0","","22","96","28","0","0","0","1","1","26","0","Freiburg","Bundesliga","2025-2026","Saturday November 22, 2025, 15:30 (venue time) 14:30 (local time)","Bayern Munich","Freiburg","https://fbref.com/en/matches/1ed265a3/Bayern-Munich-Freiburg-November-22-2025-Bundesliga","11"
"Philipp Lienhart","3","at AUT","CB","29-134","14","17","5","9","6","2","0","17","0","0","","0","","4","37","8","0","0","0","0","0","12","0","Freiburg","Bundesliga","2025-2026","Saturday November 22, 2025, 15:30 (venue time) 14:30 (local time)","Bayern Munich","Freiburg","https://fbref.com/en/matches/1ed265a3/Bayern-Munich-Freiburg-November-22-2025-Bundesliga","11"
"Matthias Ginter","28","de GER","CB","31-307","90","25","6","16","7","2","1","25","0","0","","0","","10","66","24","0","0","0","0","0","13","0","Freiburg","Bundesliga","2025-2026","Saturday November 22, 2025, 15:30 (venue time) 14:30 (local time)","Bayern Munich","Freiburg","https://fbref.com/en/matches/1ed265a3/Bayern-Munich-Freiburg-November-22-2025-Bundesliga","11"
"Philipp Treu","29","de GER","RB","24-354","90","18","1","7","10","1","0","18","0","0","","0","","8","34","7","0","0","0","0","0","8","0","Freiburg","Bundesliga","2025-2026","Saturday November 22, 2025, 15:30 (venue time) 14:30 (local time)","Bayern Munich","Freiburg","https://fbref.com/en/matches/1ed265a3/Bayern-Munich-Freiburg-November-22-2025-Bundesliga","11"
"Noah Atubolu","1","de GER","GK","23-181","90","57","40","56","1","0","0","57","0","0","","0","","25","152","68","0","0","0","0","0","33","0","Freiburg","Bundesliga","2025-2026","Saturday November 22, 2025, 15:30 (venue time) 14:30 (local time)","Bayern Munich","Freiburg","https://fbref.com/en/matches/1ed265a3/Bayern-Munich-Freiburg-November-22-2025-Bundesliga","11"
"Mert Kömür","36","de GER","FW","20-128","63","28","0","0","6","22","5","28","2","1","50.0","1","50.0","20","136","90","2","4","1","2","1","23","8","Augsburg","Bundesliga","2025-2026","Saturday November 22, 2025, 15:30 (venue time) 14:30 (local time)","Augsburg","Hamburger SV","https://fbref.com/en/matches/2ac33c25/Augsburg-Hamburger-SV-November-22-2025-Bundesliga","11"
"Samuel Essende","9","cd COD","FW","27-303","27","11","0","1","6","5","1","11","3","1","33.3","2","66.7","7","48","21","1","1","0","1","0","8","2","Augsburg","Bundesliga","2025-2026","Saturday November 22, 2025, 15:30 (venue time) 14:30 (local time)","Augsburg","Hamburger SV","https://fbref.com/en/matches/2ac33c25/Augsburg-Hamburger-SV-November-22-2025-Bundesliga","11"
"Alexis Claude-Maurice","20","fr FRA","LW","27-169","63","37","0","3","20","14","2","37","2","0","0.0","2","100.0","23","128","67","2","3","0","1","0","27","6","Augsburg","Bundesliga","2025-2026","Saturday November 22, 2025, 15:30 (venue time) 14:30 (local time)","Augsburg","Hamburger SV","https://fbref.com/en/matches/2ac33c25/Augsburg-Hamburger-SV-November-22-2025-Bundesliga","11"
"Elias Saad","26","tn TUN","LW","25-330","27","13","0","2","8","3","1","13","2","0","0.0","1","50.0","6","11","1","0","0","0","4","1","6","3","Augsburg","Bundesliga","2025-2026","Saturday November 22, 2025, 15:30 (venue time) 14:30 (local time)","Augsburg","Hamburger SV","https://fbref.com/en/matches/2ac33c25/Augsburg-Hamburger-SV-November-22-2025-Bundesliga","11"
"Fabian Rieder","32","ch SUI","RW","23-279","82","41","0","3","15","24","4","41","2","0","0.0","2","100.0","25","85","23","1","1","1","2","1","29","8","Augsburg","Bundesliga","2025-2026","Saturday November 22, 2025, 15:30 (venue time) 14:30 (local time)","Augsburg","Hamburger SV","https://fbref.com/en/matches/2ac33c25/Augsburg-Hamburger-SV-November-22-2025-Bundesliga","11"
"Cedric Zesiger","16","ch SUI","CB","27-151","8","3","2","3","0","0","0","3","0","0","","0","","0","0","0","0","0","0","0","0","0","0","Augsburg","Bundesliga","2025-2026","Saturday November 22, 2025, 15:30 (venue time) 14:30 (local time)","Augsburg","Hamburger SV","https://fbref.com/en/matches/2ac33c25/Augsburg-Hamburger-SV-November-22-2025-Bundesliga","11"
"Dimitris Giannoulis","13","gr GRE","LM","30-036","90","51","5","15","14","22","2","51","2","2","100.0","0","0.0","27","109","48","2","1","1","2","0","25","3","Augsburg","Bundesliga","2025-2026","Saturday November 22, 2025, 15:30 (venue time) 14:30 (local time)","Augsburg","Hamburger SV","https://fbref.com/en/matches/2ac33c25/Augsburg-Hamburger-SV-November-22-2025-Bundesliga","11"
"Han-Noah Massengo","4","fr FRA","CM","24-138","72","40","1","5","23","12","2","40","0","0","","0","","26","159","75","3","0","2","1","1","26","2","Augsburg","Bundesliga","2025-2026","Saturday November 22, 2025, 15:30 (venue time) 14:30 (local time)","Augsburg","Hamburger SV","https://fbref.com/en/matches/2ac33c25/Augsburg-Hamburger-SV-November-22-2025-Bundesliga","11"
"Elvis Rexhbeçaj","8","xk KVX","CM","28-021","18","5","2","4","1","0","0","5","0","0","","0","","1","21","21","1","0","0","0","0","0","0","Augsburg","Bundesliga","2025-2026","Saturday November 22, 2025, 15:30 (venue time) 14:30 (local time)","Augsburg","Hamburger SV","https://fbref.com/en/matches/2ac33c25/Augsburg-Hamburger-SV-November-22-2025-Bundesliga","11"
"Robin Fellhauer","19","de GER","CM","27-305","90","56","2","14","26","17","2","56","1","1","100.0","0","0.0","37","133","53","1","0","0","1","0","36","5","Augsburg","Bundesliga","2025-2026","Saturday November 22, 2025, 15:30 (venue time) 14:30 (local time)","Augsburg","Hamburger SV","https://fbref.com/en/matches/2ac33c25/Augsburg-Hamburger-SV-November-22-2025-Bundesliga","11"
"Anton Kade","30","de GER","RM","21-309","90","40","0","5","9","26","5","40","2","1","50.0","1","50.0","24","77","39","1","0","0","2","0","25","8","Augsburg","Bundesliga","2025-2026","Saturday November 22, 2025, 15:30 (venue time) 14:30 (local time)","Augsburg","Hamburger SV","https://fbref.com/en/matches/2ac33c25/Augsburg-Hamburger-SV-November-22-2025-Bundesliga","11"
"Keven Schlotterbeck","31","de GER","CB","28-208","80","85","8","28","51","6","0","85","1","0","0.0","1","100.0","56","242","165","1","1","0","1","0","62","2","Augsburg","Bundesliga","2025-2026","Saturday November 22, 2025, 15:30 (venue time) 14:30 (local time)","Augsburg","Hamburger SV","https://fbref.com/en/matches/2ac33c25/Augsburg-Hamburger-SV-November-22-2025-Bundesliga","11"
"Chrislain Matsima","5","fr FRA","CB","23-191","90","71","4","22","47","2","1","71","0","0","","0","","54","163","70","0","0","0","1","0","55","0","Augsburg","Bundesliga","2025-2026","Saturday November 22, 2025, 15:30 (venue time) 14:30 (local time)","Augsburg","Hamburger SV","https://fbref.com/en/matches/2ac33c25/Augsburg-Hamburger-SV-November-22-2025-Bundesliga","11"
"Noahkai Banks","40","us USA","CB","18-356","90","53","2","12","34","8","0","53","2","1","50.0","1","50.0","29","112","55","1","0","0","0","0","30","0","Augsburg","Bundesliga","2025-2026","Saturday November 22, 2025, 15:30 (venue time) 14:30 (local time)","Augsburg","Hamburger SV","https://fbref.com/en/matches/2ac33c25/Augsburg-Hamburger-SV-November-22-2025-Bundesliga","11"
"Finn Dahmen","1","de GER","GK","27-240","90","43","32","42","1","0","0","43","0","0","","0","","27","141","88","0","0","0","0","0","20","0","Augsburg","Bundesliga","2025-2026","Saturday November 22, 2025, 15:30 (venue time) 14:30 (local time)","Augsburg","Hamburger SV","https://fbref.com/en/matches/2ac33c25/Augsburg-Hamburger-SV-November-22-2025-Bundesliga","11"
"Ransford Königsdörffer","11","gh GHA","FW","24-070","90","20","1","2","12","7","5","20","1","0","0.0","1","100.0","11","15","4","0","0","0","2","2","16","4","Hamburger SV","Bundesliga","2025-2026","Saturday November 22, 2025, 15:30 (venue time) 14:30 (local time)","Augsburg","Hamburger SV","https://fbref.com/en/matches/2ac33c25/Augsburg-Hamburger-SV-November-22-2025-Bundesliga","11"
"Jean-Luc Dompé","7","fr FRA","LW","30-102","90","31","0","4","11","16","4","31","0","0","","0","","24","122","94","4","0","3","0","1","26","9","Hamburger SV","Bundesliga","2025-2026","Saturday November 22, 2025, 15:30 (venue time) 14:30 (local time)","Augsburg","Hamburger SV","https://fbref.com/en/matches/2ac33c25/Augsburg-Hamburger-SV-November-22-2025-Bundesliga","11"
"Fabio Vieira","20","pt POR","RW","25-176","71","30","4","8","17","5","3","30","3","1","33.3","2","66.7","14","55","7","0","0","0","1","0","19","2","Hamburger SV","Bundesliga","2025-2026","Saturday November 22, 2025, 15:30 (venue time) 14:30 (local time)","Augsburg","Hamburger SV","https://fbref.com/en/matches/2ac33c25/Augsburg-Hamburger-SV-November-22-2025-Bundesliga","11"
"Rayan Philippe","14","fr FRA","RW","25-030","19","16","0","0","4","12","1","16","1","1","100.0","0","0.0","14","56","30","1","1","0","0","0","15","6","Hamburger SV","Bundesliga","2025-2026","Saturday November 22, 2025, 15:30 (venue time) 14:30 (local time)","Augsburg","Hamburger SV","https://fbref.com/en/matches/2ac33c25/Augsburg-Hamburger-SV-November-22-2025-Bundesliga","11"
"Miro Muheim","28","ch SUI","LM,LB","27-243","90","73","2","28","31","14","0","73","3","1","33.3","2","66.7","40","223","154","4","2","0","1","0","40","3","Hamburger SV","Bundesliga","2025-2026","Saturday November 22, 2025, 15:30 (venue time) 14:30 (local time)","Augsburg","Hamburger SV","https://fbref.com/en/matches/2ac33c25/Augsburg-Hamburger-SV-November-22-2025-Bundesliga","11"
"Nicolai Remberg","21","de GER","CM,DM","25-156","90","63","7","25","35","4","2","63","1","0","0.0","1","100.0","35","145","84","1","1","0","0","0","40","0","Hamburger SV","Bundesliga","2025-2026","Saturday November 22, 2025, 15:30 (venue time) 14:30 (local time)","Augsburg","Hamburger SV","https://fbref.com/en/matches/2ac33c25/Augsburg-Hamburger-SV-November-22-2025-Bundesliga","11"
"Albert Sambi Lokonga","6","be BEL","CM,DM","26-031","85","41","1","9","28","4","0","41","1","0","0.0","1","100.0","26","156","94","2","0","0","2","0","31","1","Hamburger SV","Bundesliga","2025-2026","Saturday November 22, 2025, 15:30 (venue time) 14:30 (local time)","Augsburg","Hamburger SV","https://fbref.com/en/matches/2ac33c25/Augsburg-Hamburger-SV-November-22-2025-Bundesliga","11"
"Immanuel Pherai","10","sr SUR","DM","24-211","5","6","0","0","2","4","0","6","0","0","","0","","6","10","3","0","0","0","0","0","5","2","Hamburger SV","Bundesliga","2025-2026","Saturday November 22, 2025, 15:30 (venue time) 14:30 (local time)","Augsburg","Hamburger SV","https://fbref.com/en/matches/2ac33c25/Augsburg-Hamburger-SV-November-22-2025-Bundesliga","11"
"Giorgi Gocholeishvili","16","ge GEO","RM","24-281","81","42","0","17","15","10","3","42","0","0","","0","","19","80","29","2","0","1","1","2","23","3","Hamburger SV","Bundesliga","2025-2026","Saturday November 22, 2025, 15:30 (venue time) 14:30 (local time)","Augsburg","Hamburger SV","https://fbref.com/en/matches/2ac33c25/Augsburg-Hamburger-SV-November-22-2025-Bundesliga","11"
"Alexander Røssing-Lelesiit","38","no NOR","RB","18-306","9","8","0","0","4","4","0","8","0","0","","0","","4","20","16","0","0","0","0","0","7","2","Hamburger SV","Bundesliga","2025-2026","Saturday November 22, 2025, 15:30 (venue time) 14:30 (local time)","Augsburg","Hamburger SV","https://fbref.com/en/matches/2ac33c25/Augsburg-Hamburger-SV-November-22-2025-Bundesliga","11"
"Jordan Torunarigha","25","de GER","CB","28-107","81","56","12","36","19","1","0","56","0","0","","0","","33","53","18","0","0","0","0","0","36","0","Hamburger SV","Bundesliga","2025-2026","Saturday November 22, 2025, 15:30 (venue time) 14:30 (local time)","Augsburg","Hamburger SV","https://fbref.com/en/matches/2ac33c25/Augsburg-Hamburger-SV-November-22-2025-Bundesliga","11"
"Robert Glatzel","9","de GER","AM","31-318","9","3","0","0","1","2","1","3","0","0","","0","","1","1","1","0","0","0","1","0","2","1","Hamburger SV","Bundesliga","2025-2026","Saturday November 22, 2025, 15:30 (venue time) 14:30 (local time)","Augsburg","Hamburger SV","https://fbref.com/en/matches/2ac33c25/Augsburg-Hamburger-SV-November-22-2025-Bundesliga","11"
"Luka Vušković","44","hr CRO","CB","18-271","90","79","9","35","39","5","2","79","2","1","50.0","0","0.0","58","325","156","3","1","0","2","1","61","0","Hamburger SV","Bundesliga","2025-2026","Saturday November 22, 2025, 15:30 (venue time) 14:30 (local time)","Augsburg","Hamburger SV","https://fbref.com/en/matches/2ac33c25/Augsburg-Hamburger-SV-November-22-2025-Bundesliga","11"
"Nicolás Capaldo","24","ar ARG","CB","28-069","85","68","6","17","42","9","3","68","2","1","50.0","1","50.0","34","221","112","1","2","0","3","0","40","1","Hamburger SV","Bundesliga","2025-2026","Saturday November 22, 2025, 15:30 (venue time) 14:30 (local time)","Augsburg","Hamburger SV","https://fbref.com/en/matches/2ac33c25/Augsburg-Hamburger-SV-November-22-2025-Bundesliga","11"
"Guilherme Ramos","13","pt POR","CB","28-103","5","6","1","1","3","2","1","6","0","0","","0","","4","5","5","0","0","0","1","0","4","0","Hamburger SV","Bundesliga","2025-2026","Saturday November 22, 2025, 15:30 (venue time) 14:30 (local time)","Augsburg","Hamburger SV","https://fbref.com/en/matches/2ac33c25/Augsburg-Hamburger-SV-November-22-2025-Bundesliga","11"
"Daniel Heuer Fernandes","1","pt POR","GK","33-009","90","74","40","72","1","1","1","74","0","0","","0","","49","241","121","0","0","0","0","0","46","0","Hamburger SV","Bundesliga","2025-2026","Saturday November 22, 2025, 15:30 (venue time) 14:30 (local time)","Augsburg","Hamburger SV","https://fbref.com/en/matches/2ac33c25/Augsburg-Hamburger-SV-November-22-2025-Bundesliga","11"
"Serhou Guirassy","9","gn GUI","FW","29-255","90","36","1","3","22","11","3","36","1","0","0.0","1","100.0","19","112","72","4","0","1","1","0","30","8","Dortmund","Bundesliga","2025-2026","Saturday November 22, 2025, 15:30 (venue time) 14:30 (local time)","Dortmund","Stuttgart","https://fbref.com/en/matches/0a591c86/Dortmund-Stuttgart-November-22-2025-Bundesliga","11"
"Carney Chukwuemeka","17","eng ENG","LW","22-033","76","42","4","10","19","13","4","42","0","0","","0","","31","178","81","4","0","2","2","2","29","2","Dortmund","Bundesliga","2025-2026","Saturday November 22, 2025, 15:30 (venue time) 14:30 (local time)","Dortmund","Stuttgart","https://fbref.com/en/matches/0a591c86/Dortmund-Stuttgart-November-22-2025-Bundesliga","11"
"Karim Adeyemi","27","de GER","RW","23-308","14","8","0","0","1","7","2","8","0","0","","0","","6","74","67","2","3","0","0","0","6","2","Dortmund","Bundesliga","2025-2026","Saturday November 22, 2025, 15:30 (venue time) 14:30 (local time)","Dortmund","Stuttgart","https://fbref.com/en/matches/0a591c86/Dortmund-Stuttgart-November-22-2025-Bundesliga","11"
"Julian Brandt","10","de GER","RW","29-204","72","40","1","9","20","11","2","40","1","1","100.0","0","0.0","17","59","40","2","0","1","1","0","25","7","Dortmund","Bundesliga","2025-2026","Saturday November 22, 2025, 15:30 (venue time) 14:30 (local time)","Dortmund","Stuttgart","https://fbref.com/en/matches/0a591c86/Dortmund-Stuttgart-November-22-2025-Bundesliga","11"
"Daniel Svensson","24","se SWE","LM","23-283","18","10","0","2","4","4","2","10","2","0","0.0","2","100.0","4","29","18","1","1","0","0","1","5","1","Dortmund","Bundesliga","2025-2026","Saturday November 22, 2025, 15:30 (venue time) 14:30 (local time)","Dortmund","Stuttgart","https://fbref.com/en/matches/0a591c86/Dortmund-Stuttgart-November-22-2025-Bundesliga","11"
"Maximilian Beier","14","de GER","LM,LW,RW","23-036","89","57","4","15","15","28","6","57","3","1","33.3","2","66.7","32","166","88","3","2","1","5","1","33","8","Dortmund","Bundesliga","2025-2026","Saturday November 22, 2025, 15:30 (venue time) 14:30 (local time)","Dortmund","Stuttgart","https://fbref.com/en/matches/0a591c86/Dortmund-Stuttgart-November-22-2025-Bundesliga","11"
"Fábio Silva","21","pt POR","LW","23-126","1","0","0","0","0","0","0","0","0","0","","0","","0","0","0","0","0","0","0","0","0","0","Dortmund","Bundesliga","2025-2026","Saturday November 22, 2025, 15:30 (venue time) 14:30 (local time)","Dortmund","Stuttgart","https://fbref.com/en/matches/0a591c86/Dortmund-Stuttgart-November-22-2025-Bundesliga","11"
"Jobe Bellingham","7","eng ENG","CM","20-060","90","63","3","20","35","9","0","63","2","1","50.0","1","50.0","32","132","40","0","0","0","1","0","36","0","Dortmund","Bundesliga","2025-2026","Saturday November 22, 2025, 15:30 (venue time) 14:30 (local time)","Dortmund","Stuttgart","https://fbref.com/en/matches/0a591c86/Dortmund-Stuttgart-November-22-2025-Bundesliga","11"
"Felix Nmecha","8","de GER","CM","25-043","90","47","1","14","22","11","2","47","2","1","50.0","1","50.0","31","146","53","1","1","0","4","2","34","0","Dortmund","Bundesliga","2025-2026","Saturday November 22, 2025, 15:30 (venue time) 14:30 (local time)","Dortmund","Stuttgart","https://fbref.com/en/matches/0a591c86/Dortmund-Stuttgart-November-22-2025-Bundesliga","11"
"Julian Ryerson","26","no NOR","RM","28-005","90","43","1","17","11","15","2","43","2","1","50.0","1","50.0","29","205","96","2","1","1","1","0","26","7","Dortmund","Bundesliga","2025-2026","Saturday November 22, 2025, 15:30 (venue time) 14:30 (local time)","Dortmund","Stuttgart","https://fbref.com/en/matches/0a591c86/Dortmund-Stuttgart-November-22-2025-Bundesliga","11"
"Nico Schlotterbeck","4","de GER","CB","25-356","90","69","5","24","35","10","1","69","2","1","50.0","0","0.0","36","165","87","3","1","1","1","0","40","1","Dortmund","Bundesliga","2025-2026","Saturday November 22, 2025, 15:30 (venue time) 14:30 (local time)","Dortmund","Stuttgart","https://fbref.com/en/matches/0a591c86/Dortmund-Stuttgart-November-22-2025-Bundesliga","11"
"Emre Can","23","de GER","CB","31-314","90","65","17","33","27","5","1","64","0","0","","0","","30","149","54","0","0","0","1","0","28","0","Dortmund","Bundesliga","2025-2026","Saturday November 22, 2025, 15:30 (venue time) 14:30 (local time)","Dortmund","Stuttgart","https://fbref.com/en/matches/0a591c86/Dortmund-Stuttgart-November-22-2025-Bundesliga","11"
"Waldemar Anton","3","de GER","CB","29-125","90","54","11","26","25","3","1","54","0","0","","0","","25","163","75","2","0","0","0","1","28","1","Dortmund","Bundesliga","2025-2026","Saturday November 22, 2025, 15:30 (venue time) 14:30 (local time)","Dortmund","Stuttgart","https://fbref.com/en/matches/0a591c86/Dortmund-Stuttgart-November-22-2025-Bundesliga","11"
"Gregor Kobel","1","ch SUI","GK","27-351","90","40","35","40","0","0","0","40","0","0","","0","","29","140","56","0","0","0","0","0","26","0","Dortmund","Bundesliga","2025-2026","Saturday November 22, 2025, 15:30 (venue time) 14:30 (local time)","Dortmund","Stuttgart","https://fbref.com/en/matches/0a591c86/Dortmund-Stuttgart-November-22-2025-Bundesliga","11"
"Deniz Undav","26","de GER","FW","29-126","90","37","0","0","21","16","6","37","1","0","0.0","1","100.0","22","65","38","0","0","1","4","2","28","9","Stuttgart","Bundesliga","2025-2026","Saturday November 22, 2025, 15:30 (venue time) 14:30 (local time)","Dortmund","Stuttgart","https://fbref.com/en/matches/0a591c86/Dortmund-Stuttgart-November-22-2025-Bundesliga","11"
"Jamie Leweling","18","de GER","LW","24-269","89","48","0","2","29","19","6","48","6","3","50.0","3","50.0","33","196","133","5","1","3","6","3","41","13","Stuttgart","Bundesliga","2025-2026","Saturday November 22, 2025, 15:30 (venue time) 14:30 (local time)","Dortmund","Stuttgart","https://fbref.com/en/matches/0a591c86/Dortmund-Stuttgart-November-22-2025-Bundesliga","11"
"Josha Vagnoman","4","de GER","LW","24-346","1","2","0","0","1","1","1","2","0","0","","0","","1","22","21","1","0","1","0","0","1","0","Stuttgart","Bundesliga","2025-2026","Saturday November 22, 2025, 15:30 (venue time) 14:30 (local time)","Dortmund","Stuttgart","https://fbref.com/en/matches/0a591c86/Dortmund-Stuttgart-November-22-2025-Bundesliga","11"
"Tiago Tomás","8","pt POR","RW","23-159","72","42","0","7","19","18","4","42","5","2","40.0","3","60.0","24","123","58","3","2","2","5","3","34","9","Stuttgart","Bundesliga","2025-2026","Saturday November 22, 2025, 15:30 (venue time) 14:30 (local time)","Dortmund","Stuttgart","https://fbref.com/en/matches/0a591c86/Dortmund-Stuttgart-November-22-2025-Bundesliga","11"
"Chris Führich","10","de GER","RW","27-317","18","8","0","1","3","4","2","8","0","0","","0","","4","42","23","1","1","1","1","0","7","1","Stuttgart","Bundesliga","2025-2026","Saturday November 22, 2025, 15:30 (venue time) 14:30 (local time)","Dortmund","Stuttgart","https://fbref.com/en/matches/0a591c86/Dortmund-Stuttgart-November-22-2025-Bundesliga","11"
"Bilal El Khannouss","11","ma MAR","AM","21-196","90","63","0","3","47","15","2","63","2","0","0.0","2","100.0","38","190","93","4","2","1","2","0","50","6","Stuttgart","Bundesliga","2025-2026","Saturday November 22, 2025, 15:30 (venue time) 14:30 (local time)","Dortmund","Stuttgart","https://fbref.com/en/matches/0a591c86/Dortmund-Stuttgart-November-22-2025-Bundesliga","11"
"Angelo Stiller","6","de GER","DM","24-232","89","101","0","15","58","28","1","101","0","0","","0","","48","259","121","2","3","0","0","0","67","2","Stuttgart","Bundesliga","2025-2026","Saturday November 22, 2025, 15:30 (venue time) 14:30 (local time)","Dortmund","Stuttgart","https://fbref.com/en/matches/0a591c86/Dortmund-Stuttgart-November-22-2025-Bundesliga","11"
"Atakan Karazor","16","tr TUR","DM","29-040","1","4","0","1","3","0","0","4","0","0","","0","","1","2","2","0","0","0","0","0","1","0","Stuttgart","Bundesliga","2025-2026","Saturday November 22, 2025, 15:30 (venue time) 14:30 (local time)","Dortmund","Stuttgart","https://fbref.com/en/matches/0a591c86/Dortmund-Stuttgart-November-22-2025-Bundesliga","11"
"Chema","30","es ESP","DM","20-211","79","45","0","8","29","8","1","45","0","0","","0","","18","56","16","0","0","0","1","1","29","0","Stuttgart","Bundesliga","2025-2026","Saturday November 22, 2025, 15:30 (venue time) 14:30 (local time)","Dortmund","Stuttgart","https://fbref.com/en/matches/0a591c86/Dortmund-Stuttgart-November-22-2025-Bundesliga","11"
"Nikolas Nartey","28","dk DEN","DM","25-273","11","7","0","2","4","1","0","7","0","0","","0","","5","9","5","0","0","0","0","0","6","0","Stuttgart","Bundesliga","2025-2026","Saturday November 22, 2025, 15:30 (venue time) 14:30 (local time)","Dortmund","Stuttgart","https://fbref.com/en/matches/0a591c86/Dortmund-Stuttgart-November-22-2025-Bundesliga","11"
"Maximilian Mittelstädt","7","de GER","LB","28-249","79","62","1","18","29","16","1","62","1","0","0.0","1","100.0","39","201","97","3","3","0","0","1","40","2","Stuttgart","Bundesliga","2025-2026","Saturday November 22, 2025, 15:30 (venue time) 14:30 (local time)","Dortmund","Stuttgart","https://fbref.com/en/matches/0a591c86/Dortmund-Stuttgart-November-22-2025-Bundesliga","11"
"Ramon Hendriks","3","nl NED","LB","24-127","11","9","2","4","4","1","0","9","0","0","","0","","3","9","1","0","0","0","0","0","4","0","Stuttgart","Bundesliga","2025-2026","Saturday November 22, 2025, 15:30 (venue time) 14:30 (local time)","Dortmund","Stuttgart","https://fbref.com/en/matches/0a591c86/Dortmund-Stuttgart-November-22-2025-Bundesliga","11"
"Julian Chabot","24","de GER","CB","27-283","90","65","16","32","30","3","2","65","0","0","","0","","30","133","80","0","0","0","0","0","33","0","Stuttgart","Bundesliga","2025-2026","Saturday November 22, 2025, 15:30 (venue time) 14:30 (local time)","Dortmund","Stuttgart","https://fbref.com/en/matches/0a591c86/Dortmund-Stuttgart-November-22-2025-Bundesliga","11"
"Finn Jeltsch","29","de GER","CB","19-128","90","65","5","27","33","5","0","65","0","0","","0","","38","171","85","0","0","0","0","0","41","0","Stuttgart","Bundesliga","2025-2026","Saturday November 22, 2025, 15:30 (venue time) 14:30 (local time)","Dortmund","Stuttgart","https://fbref.com/en/matches/0a591c86/Dortmund-Stuttgart-November-22-2025-Bundesliga","11"
"Lorenz Assignon","22","tg TOG","RB","25-153","90","62","2","21","30","12","2","62","1","0","0.0","1","100.0","25","74","21","0","0","1","4","0","29","5","Stuttgart","Bundesliga","2025-2026","Saturday November 22, 2025, 15:30 (venue time) 14:30 (local time)","Dortmund","Stuttgart","https://fbref.com/en/matches/0a591c86/Dortmund-Stuttgart-November-22-2025-Bundesliga","11"
"Alexander Nübel","33","de GER","GK","29-053","90","44","34","43","1","0","0","44","0","0","","0","","27","126","105","0","0","0","0","0","27","0","Stuttgart","Bundesliga","2025-2026","Saturday November 22, 2025, 15:30 (venue time) 14:30 (local time)","Dortmund","Stuttgart","https://fbref.com/en/matches/0a591c86/Dortmund-Stuttgart-November-22-2025-Bundesliga","11"
"Dženan Pejčinović","17","de GER","FW","20-280","60","11","0","0","6","5","3","11","0","0","","0","","4","5","1","0","0","0","0","1","7","0","Wolfsburg","Bundesliga","2025-2026","Saturday November 22, 2025, 15:30 (venue time) 14:30 (local time)","Wolfsburg","Bayer Leverkusen","https://fbref.com/en/matches/7da89746/Wolfsburg-Bayer-Leverkusen-November-22-2025-Bundesliga","11"
"Jonas Wind","23","dk DEN","FW","26-288","30","20","0","0","8","12","3","20","0","0","","0","","14","70","18","1","0","1","1","0","15","4","Wolfsburg","Bundesliga","2025-2026","Saturday November 22, 2025, 15:30 (venue time) 14:30 (local time)","Wolfsburg","Bayer Leverkusen","https://fbref.com/en/matches/7da89746/Wolfsburg-Bayer-Leverkusen-November-22-2025-Bundesliga","11"
"Mohamed Amoura","9","dz ALG","LW","25-197","90","37","0","1","18","18","6","37","1","0","0.0","1","100.0","19","112","65","3","1","2","4","1","24","12","Wolfsburg","Bundesliga","2025-2026","Saturday November 22, 2025, 15:30 (venue time) 14:30 (local time)","Wolfsburg","Bayer Leverkusen","https://fbref.com/en/matches/7da89746/Wolfsburg-Bayer-Leverkusen-November-22-2025-Bundesliga","11"
"Patrick Wimmer","39","at AUT","RW","24-176","60","28","0","4","11","13","0","28","1","0","0.0","1","100.0","16","105","43","1","1","0","0","0","16","3","Wolfsburg","Bundesliga","2025-2026","Saturday November 22, 2025, 15:30 (venue time) 14:30 (local time)","Wolfsburg","Bayer Leverkusen","https://fbref.com/en/matches/7da89746/Wolfsburg-Bayer-Leverkusen-November-22-2025-Bundesliga","11"
"Mattias Svanberg","32","se SWE","RW","26-321","30","18","0","0","7","11","3","18","0","0","","0","","10","28","15","0","1","0","0","0","12","4","Wolfsburg","Bundesliga","2025-2026","Saturday November 22, 2025, 15:30 (venue time) 14:30 (local time)","Wolfsburg","Bayer Leverkusen","https://fbref.com/en/matches/7da89746/Wolfsburg-Bayer-Leverkusen-November-22-2025-Bundesliga","11"
"Lovro Majer","10","hr CRO","AM","27-309","90","48","1","4","20","24","6","48","0","0","","0","","32","178","97","2","2","0","3","4","32","7","Wolfsburg","Bundesliga","2025-2026","Saturday November 22, 2025, 15:30 (venue time) 14:30 (local time)","Wolfsburg","Bayer Leverkusen","https://fbref.com/en/matches/7da89746/Wolfsburg-Bayer-Leverkusen-November-22-2025-Bundesliga","11"
"Maximilian Arnold","27","de GER","DM","31-179","90","60","2","9","37","14","1","60","0","0","","0","","38","134","77","0","0","0","1","0","40","2","Wolfsburg","Bundesliga","2025-2026","Saturday November 22, 2025, 15:30 (venue time) 14:30 (local time)","Wolfsburg","Bayer Leverkusen","https://fbref.com/en/matches/7da89746/Wolfsburg-Bayer-Leverkusen-November-22-2025-Bundesliga","11"
"Yannick Gerhardt","31","de GER","DM","31-254","60","27","2","8","13","6","3","27","0","0","","0","","14","96","45","1","0","0","0","1","20","3","Wolfsburg","Bundesliga","2025-2026","Saturday November 22, 2025, 15:30 (venue time) 14:30 (local time)","Wolfsburg","Bayer Leverkusen","https://fbref.com/en/matches/7da89746/Wolfsburg-Bayer-Leverkusen-November-22-2025-Bundesliga","11"
"Christian Eriksen","24","dk DEN","DM","33-281","30","30","0","5","21","4","0","30","0","0","","0","","20","76","42","1","0","0","1","0","23","1","Wolfsburg","Bundesliga","2025-2026","Saturday November 22, 2025, 15:30 (venue time) 14:30 (local time)","Wolfsburg","Bayer Leverkusen","https://fbref.com/en/matches/7da89746/Wolfsburg-Bayer-Leverkusen-November-22-2025-Bundesliga","11"
"Aaron Zehnter","25","de GER","LB","21-022","90","53","3","26","17","10","0","53","0","0","","0","","24","60","40","1","1","0","0","0","30","0","Wolfsburg","Bundesliga","2025-2026","Saturday November 22, 2025, 15:30 (venue time) 14:30 (local time)","Wolfsburg","Bayer Leverkusen","https://fbref.com/en/matches/7da89746/Wolfsburg-Bayer-Leverkusen-November-22-2025-Bundesliga","11"
"Jenson Seelt","14","nl NED","CB","22-183","45","26","3","13","12","1","1","26","1","0","0.0","0","0.0","15","61","41","0","0","0","0","0","19","0","Wolfsburg","Bundesliga","2025-2026","Saturday November 22, 2025, 15:30 (venue time) 14:30 (local time)","Wolfsburg","Bayer Leverkusen","https://fbref.com/en/matches/7da89746/Wolfsburg-Bayer-Leverkusen-November-22-2025-Bundesliga","11"
"Konstantinos Koulierakis","4","gr GRE","CB","21-359","45","29","3","10","17","2","0","29","0","0","","0","","16","66","28","0","0","0","0","0","15","0","Wolfsburg","Bundesliga","2025-2026","Saturday November 22, 2025, 15:30 (venue time) 14:30 (local time)","Wolfsburg","Bayer Leverkusen","https://fbref.com/en/matches/7da89746/Wolfsburg-Bayer-Leverkusen-November-22-2025-Bundesliga","11"
"Denis Vavro","3","sk SVK","CB","29-226","90","54","8","32","19","3","1","54","1","1","100.0","0","0.0","29","92","41","0","0","0","2","0","38","0","Wolfsburg","Bundesliga","2025-2026","Saturday November 22, 2025, 15:30 (venue time) 14:30 (local time)","Wolfsburg","Bayer Leverkusen","https://fbref.com/en/matches/7da89746/Wolfsburg-Bayer-Leverkusen-November-22-2025-Bundesliga","11"
"Sael Kumbedi","26","fr FRA","RB","20-241","83","46","0","13","17","17","0","46","3","3","100.0","0","0.0","26","127","67","1","1","0","0","2","27","2","Wolfsburg","Bundesliga","2025-2026","Saturday November 22, 2025, 15:30 (venue time) 14:30 (local time)","Wolfsburg","Bayer Leverkusen","https://fbref.com/en/matches/7da89746/Wolfsburg-Bayer-Leverkusen-November-22-2025-Bundesliga","11"
"Jan Bürger","41","de GER","RB","18-257","7","5","0","3","1","1","1","5","0","0","","0","","3","10","5","0","0","0","0","0","3","1","Wolfsburg","Bundesliga","2025-2026","Saturday November 22, 2025, 15:30 (venue time) 14:30 (local time)","Wolfsburg","Bayer Leverkusen","https://fbref.com/en/matches/7da89746/Wolfsburg-Bayer-Leverkusen-November-22-2025-Bundesliga","11"
"Kamil Grabara","1","pl POL","GK","26-318","90","36","28","36","0","0","0","36","0","0","","0","","16","86","69","0","0","0","0","0","25","0","Wolfsburg","Bundesliga","2025-2026","Saturday November 22, 2025, 15:30 (venue time) 14:30 (local time)","Wolfsburg","Bayer Leverkusen","https://fbref.com/en/matches/7da89746/Wolfsburg-Bayer-Leverkusen-November-22-2025-Bundesliga","11"
"Patrik Schick","14","cz CZE","FW","29-302","74","26","1","2","14","10","2","26","1","0","0.0","1","100.0","14","23","6","0","1","0","2","0","18","1","Bayer Leverkusen","Bundesliga","2025-2026","Saturday November 22, 2025, 15:30 (venue time) 14:30 (local time)","Wolfsburg","Bayer Leverkusen","https://fbref.com/en/matches/7da89746/Wolfsburg-Bayer-Leverkusen-November-22-2025-Bundesliga","11"
"Christian Kofane","35","cm CMR","FW","19-119","16","8","2","3","4","1","0","8","2","1","50.0","1","50.0","4","10","1","0","0","0","1","1","4","1","Bayer Leverkusen","Bundesliga","2025-2026","Saturday November 22, 2025, 15:30 (venue time) 14:30 (local time)","Wolfsburg","Bayer Leverkusen","https://fbref.com/en/matches/7da89746/Wolfsburg-Bayer-Leverkusen-November-22-2025-Bundesliga","11"
"Ernest Poku","19","nl NED","AM","21-298","85","32","1","3","9","20","7","32","1","1","100.0","0","0.0","21","144","103","5","1","4","4","1","29","7","Bayer Leverkusen","Bundesliga","2025-2026","Saturday November 22, 2025, 15:30 (venue time) 14:30 (local time)","Wolfsburg","Bayer Leverkusen","https://fbref.com/en/matches/7da89746/Wolfsburg-Bayer-Leverkusen-November-22-2025-Bundesliga","11"
"Nathan Tella","23","ng NGA","AM","26-140","5","3","0","0","2","1","0","3","0","0","","0","","3","1","0","0","0","0","1","0","3","0","Bayer Leverkusen","Bundesliga","2025-2026","Saturday November 22, 2025, 15:30 (venue time) 14:30 (local time)","Wolfsburg","Bayer Leverkusen","https://fbref.com/en/matches/7da89746/Wolfsburg-Bayer-Leverkusen-November-22-2025-Bundesliga","11"
"Malik Tillman","10","us USA","AM","23-178","63","31","1","4","20","7","0","31","2","1","50.0","1","50.0","18","128","78","3","2","0","0","0","24","3","Bayer Leverkusen","Bundesliga","2025-2026","Saturday November 22, 2025, 15:30 (venue time) 14:30 (local time)","Wolfsburg","Bayer Leverkusen","https://fbref.com/en/matches/7da89746/Wolfsburg-Bayer-Leverkusen-November-22-2025-Bundesliga","11"
"Martin Terrier","11","fr FRA","AM","28-263","27","14","0","3","8","3","0","14","2","0","0.0","2","100.0","12","36","14","0","0","0","0","0","15","2","Bayer Leverkusen","Bundesliga","2025-2026","Saturday November 22, 2025, 15:30 (venue time) 14:30 (local time)","Wolfsburg","Bayer Leverkusen","https://fbref.com/en/matches/7da89746/Wolfsburg-Bayer-Leverkusen-November-22-2025-Bundesliga","11"
"Aleix García","24","es ESP","CM","28-147","90","118","5","40","66","13","0","118","1","1","100.0","0","0.0","74","402","169","0","0","0","0","0","96","0","Bayer Leverkusen","Bundesliga","2025-2026","Saturday November 22, 2025, 15:30 (venue time) 14:30 (local time)","Wolfsburg","Bayer Leverkusen","https://fbref.com/en/matches/7da89746/Wolfsburg-Bayer-Leverkusen-November-22-2025-Bundesliga","11"
"Ibrahim Maza","30","dz ALG","CM","19-363","45","38","1","5","27","6","1","38","1","0","0.0","1","100.0","27","91","54","0","0","0","1","1","29","2","Bayer Leverkusen","Bundesliga","2025-2026","Saturday November 22, 2025, 15:30 (venue time) 14:30 (local time)","Wolfsburg","Bayer Leverkusen","https://fbref.com/en/matches/7da89746/Wolfsburg-Bayer-Leverkusen-November-22-2025-Bundesliga","11"
"Jarell Quansah","4","eng ENG","CB","22-297","45","32","3","10","18","5","0","32","1","1","100.0","0","0.0","20","118","78","3","3","0","1","0","22","2","Bayer Leverkusen","Bundesliga","2025-2026","Saturday November 22, 2025, 15:30 (venue time) 14:30 (local time)","Wolfsburg","Bayer Leverkusen","https://fbref.com/en/matches/7da89746/Wolfsburg-Bayer-Leverkusen-November-22-2025-Bundesliga","11"
"Álex Grimaldo","20","es ESP","WB","30-063","74","81","3","23","44","16","3","81","4","0","0.0","3","75.0","58","403","266","5","4","0","2","1","64","4","Bayer Leverkusen","Bundesliga","2025-2026","Saturday November 22, 2025, 15:30 (venue time) 14:30 (local time)","Wolfsburg","Bayer Leverkusen","https://fbref.com/en/matches/7da89746/Wolfsburg-Bayer-Leverkusen-November-22-2025-Bundesliga","11"
"Jeanuël Belocian","44","fr FRA","WB","20-278","16","13","0","4","8","1","0","13","0","0","","0","","7","22","9","0","0","0","1","1","9","0","Bayer Leverkusen","Bundesliga","2025-2026","Saturday November 22, 2025, 15:30 (venue time) 14:30 (local time)","Wolfsburg","Bayer Leverkusen","https://fbref.com/en/matches/7da89746/Wolfsburg-Bayer-Leverkusen-November-22-2025-Bundesliga","11"
"Jonas Hofmann","7","de GER","WB","33-131","90","65","3","14","27","25","3","65","1","1","100.0","0","0.0","27","106","19","0","0","0","2","0","44","7","Bayer Leverkusen","Bundesliga","2025-2026","Saturday November 22, 2025, 15:30 (venue time) 14:30 (local time)","Wolfsburg","Bayer Leverkusen","https://fbref.com/en/matches/7da89746/Wolfsburg-Bayer-Leverkusen-November-22-2025-Bundesliga","11"
"Edmond Tapsoba","12","bf BFA","CB","26-293","90","110","7","59","49","2","1","110","1","1","100.0","0","0.0","78","383","237","1","0","0","0","0","94","0","Bayer Leverkusen","Bundesliga","2025-2026","Saturday November 22, 2025, 15:30 (venue time) 14:30 (local time)","Wolfsburg","Bayer Leverkusen","https://fbref.com/en/matches/7da89746/Wolfsburg-Bayer-Leverkusen-November-22-2025-Bundesliga","11"
"Loïc Bade","5","fr FRA","CB","25-225","90","106","16","50","55","2","1","106","1","0","0.0","1","100.0","81","387","163","0","0","0","0","0","85","1","Bayer Leverkusen","Bundesliga","2025-2026","Saturday November 22, 2025, 15:30 (venue time) 14:30 (local time)","Wolfsburg","Bayer Leverkusen","https://fbref.com/en/matches/7da89746/Wolfsburg-Bayer-Leverkusen-November-22-2025-Bundesliga","11"
"Robert Andrich","8","de GER","CM,CB","31-061","90","70","4","23","38","9","0","70","0","0","","0","","46","192","78","2","1","0","0","0","55","1","Bayer Leverkusen","Bundesliga","2025-2026","Saturday November 22, 2025, 15:30 (venue time) 14:30 (local time)","Wolfsburg","Bayer Leverkusen","https://fbref.com/en/matches/7da89746/Wolfsburg-Bayer-Leverkusen-November-22-2025-Bundesliga","11"
"Mark Flekken","1","nl NED","GK","32-162","90","58","54","58","0","0","0","58","0","0","","0","","30","212","122","0","0","0","0","0","30","0","Bayer Leverkusen","Bundesliga","2025-2026","Saturday November 22, 2025, 15:30 (venue time) 14:30 (local time)","Wolfsburg","Bayer Leverkusen","https://fbref.com/en/matches/7da89746/Wolfsburg-Bayer-Leverkusen-November-22-2025-Bundesliga","11"
