"league","season","match_date","gameweek","home_team","away_team","team","player","shirtnumber","nationality","position","age","minutes","goals","assists","pens_made","pens_att","shots","shots_on_target","cards_yellow","cards_red","touches","tackles","interceptions","blocks","xg","npxg","xg_assist","sca","gca","passes_completed","passes","passes_pct","progressive_passes","carries","progressive_carries","take_ons","take_ons_won","player_href","match_url","venue"
"Bundesliga","2025-2026","Saturday November 8, 2025, 15:30 (venue time) 14:30 (local time)","10","Bayer Leverkusen","Heidenheim","Bayer Leverkusen","Patrik Schick","14","cz CZE","FW","29-288","55","2","0","0","0","4","2","0","0","17","0","0","0","1.4","1.4","0.0","1","0","11","12","91.7","0","3","0","0","0","/en/players/5d4f7d61/Patrik-Schick","https://fbref.com/en/matches/8e4a9eea/Bayer-Leverkusen-Heidenheim-November-8-2025-Bundesliga","BayArena"
"Bundesliga","2025-2026","Saturday November 8, 2025, 15:30 (venue time) 14:30 (local time)","10","Bayer Leverkusen","Heidenheim","Bayer Leverkusen","Alejo Sarco","18","ar ARG","FW","19-306","35","0","0","0","0","1","0","0","0","12","0","0","1","0.1","0.1","0.0","2","0","7","10","70.0","0","5","0","1","1","/en/players/ec756d03/Alejo-Sarco","https://fbref.com/en/matches/8e4a9eea/Bayer-Leverkusen-Heidenheim-November-8-2025-Bundesliga","BayArena"
"Bundesliga","2025-2026","Saturday November 8, 2025, 15:30 (venue time) 14:30 (local time)","10","Bayer Leverkusen","Heidenheim","Bayer Leverkusen","Ernest Poku","19","nl NED","AM","21-284","45","1","1","0","0","1","1","0","0","24","1","0","0","0.1","0.1","0.3","2","1","15","16","93.8","1","11","1","4","1","/en/players/ddc31375/Ernest-Poku","https://fbref.com/en/matches/8e4a9eea/Bayer-Leverkusen-Heidenheim-November-8-2025-Bundesliga","BayArena"
"Bundesliga","2025-2026","Saturday November 8, 2025, 15:30 (venue time) 14:30 (local time)","10","Bayer Leverkusen","Heidenheim","Bayer Leverkusen","Martin Terrier","11","fr FRA","AM","28-249","45","0","0","0","0","1","0","0","0","27","2","0","0","0.0","0.0","0.2","2","0","20","23","87.0","0","8","1","1","0","/en/players/5148dcc5/Martin-Terrier","https://fbref.com/en/matches/8e4a9eea/Bayer-Leverkusen-Heidenheim-November-8-2025-Bundesliga","BayArena"
"Bundesliga","2025-2026","Saturday November 8, 2025, 15:30 (venue time) 14:30 (local time)","10","Bayer Leverkusen","Heidenheim","Bayer Leverkusen","Jonas Hofmann","7","de GER","WB,AM","33-117","90","1","0","0","0","5","3","0","0","73","0","0","0","0.3","0.3","0.1","4","1","59","67","88.1","3","37","2","0","0","/en/players/2903a856/Jonas-Hofmann","https://fbref.com/en/matches/8e4a9eea/Bayer-Leverkusen-Heidenheim-November-8-2025-Bundesliga","BayArena"
"Bundesliga","2025-2026","Saturday November 8, 2025, 15:30 (venue time) 14:30 (local time)","10","Bayer Leverkusen","Heidenheim","Bayer Leverkusen","Aleix García","24","es ESP","CM","28-133","74","0","1","0","0","3","0","0","0","175","1","1","2","0.1","0.1","0.3","5","1","161","167","96.4","13","92","2","0","0","/en/players/a10361d2/Aleix-Garcia","https://fbref.com/en/matches/8e4a9eea/Bayer-Leverkusen-Heidenheim-November-8-2025-Bundesliga","BayArena"
"Bundesliga","2025-2026","Saturday November 8, 2025, 15:30 (venue time) 14:30 (local time)","10","Bayer Leverkusen","Heidenheim","Bayer Leverkusen","Eliesse Ben Seghir","17","ma MAR","AM","20-265","16","0","0","0","0","0","0","0","0","14","1","0","0","0.0","0.0","0.0","1","0","11","12","91.7","0","5","0","1","0","/en/players/3bd65247/Eliesse-Ben-Seghir","https://fbref.com/en/matches/8e4a9eea/Bayer-Leverkusen-Heidenheim-November-8-2025-Bundesliga","BayArena"
"Bundesliga","2025-2026","Saturday November 8, 2025, 15:30 (venue time) 14:30 (local time)","10","Bayer Leverkusen","Heidenheim","Bayer Leverkusen","Ibrahim Maza","30","dz ALG","CM","19-349","90","2","0","0","0","4","2","0","0","110","2","1","1","0.7","0.7","0.1","6","2","89","98","90.8","7","58","4","4","4","/en/players/89b3bc5e/Ibrahim-Maza","https://fbref.com/en/matches/8e4a9eea/Bayer-Leverkusen-Heidenheim-November-8-2025-Bundesliga","BayArena"
"Bundesliga","2025-2026","Saturday November 8, 2025, 15:30 (venue time) 14:30 (local time)","10","Bayer Leverkusen","Heidenheim","Bayer Leverkusen","Álex Grimaldo","20","es ESP","WB","30-049","90","0","0","0","0","3","1","0","0","117","0","0","0","0.6","0.6","0.2","12","1","103","111","92.8","12","59","5","1","1","/en/players/b1f4086c/Alex-Grimaldo","https://fbref.com/en/matches/8e4a9eea/Bayer-Leverkusen-Heidenheim-November-8-2025-Bundesliga","BayArena"
"Bundesliga","2025-2026","Saturday November 8, 2025, 15:30 (venue time) 14:30 (local time)","10","Bayer Leverkusen","Heidenheim","Bayer Leverkusen","Arthur","13","br BRA","WB","22-236","45","0","1","0","0","0","0","0","0","20","2","0","0","0.0","0.0","0.1","1","1","15","18","83.3","1","8","1","0","0","/en/players/8a958856/Arthur","https://fbref.com/en/matches/8e4a9eea/Bayer-Leverkusen-Heidenheim-November-8-2025-Bundesliga","BayArena"
"Bundesliga","2025-2026","Saturday November 8, 2025, 15:30 (venue time) 14:30 (local time)","10","Bayer Leverkusen","Heidenheim","Bayer Leverkusen","Malik Tillman","10","us USA","AM,CM","23-164","45","0","0","0","0","1","0","0","0","60","1","2","0","0.0","0.0","0.0","2","0","42","50","84.0","2","28","1","1","0","/en/players/a5420709/Malik-Tillman","https://fbref.com/en/matches/8e4a9eea/Bayer-Leverkusen-Heidenheim-November-8-2025-Bundesliga","BayArena"
"Bundesliga","2025-2026","Saturday November 8, 2025, 15:30 (venue time) 14:30 (local time)","10","Bayer Leverkusen","Heidenheim","Bayer Leverkusen","Edmond Tapsoba","12","bf BFA","CB","26-279","55","0","2","0","0","0","0","0","0","90","0","0","0","0.0","0.0","0.3","3","3","87","90","96.7","5","65","0","0","0","/en/players/a73c8f95/Edmond-Tapsoba","https://fbref.com/en/matches/8e4a9eea/Bayer-Leverkusen-Heidenheim-November-8-2025-Bundesliga","BayArena"
"Bundesliga","2025-2026","Saturday November 8, 2025, 15:30 (venue time) 14:30 (local time)","10","Bayer Leverkusen","Heidenheim","Bayer Leverkusen","Jeanuël Belocian","44","fr FRA","CB","20-264","35","0","0","0","0","0","0","0","0","50","0","0","0","0.0","0.0","0.0","1","0","47","47","100.0","6","29","2","0","0","/en/players/c678ddd7/Jeanuel-Belocian","https://fbref.com/en/matches/8e4a9eea/Bayer-Leverkusen-Heidenheim-November-8-2025-Bundesliga","BayArena"
"Bundesliga","2025-2026","Saturday November 8, 2025, 15:30 (venue time) 14:30 (local time)","10","Bayer Leverkusen","Heidenheim","Bayer Leverkusen","Loïc Bade","5","fr FRA","CB","25-211","90","0","0","0","0","1","0","0","0","129","3","1","1","0.0","0.0","0.0","2","1","111","119","93.3","8","80","0","0","0","/en/players/114bbdee/Loic-Bade","https://fbref.com/en/matches/8e4a9eea/Bayer-Leverkusen-Heidenheim-November-8-2025-Bundesliga","BayArena"
"Bundesliga","2025-2026","Saturday November 8, 2025, 15:30 (venue time) 14:30 (local time)","10","Bayer Leverkusen","Heidenheim","Bayer Leverkusen","Robert Andrich","8","de GER","CB","31-047","90","0","0","0","0","1","1","0","0","101","2","0","1","0.0","0.0","0.0","3","1","87","96","90.6","6","47","6","0","0","/en/players/e0b113a7/Robert-Andrich","https://fbref.com/en/matches/8e4a9eea/Bayer-Leverkusen-Heidenheim-November-8-2025-Bundesliga","BayArena"
"Bundesliga","2025-2026","Saturday November 8, 2025, 15:30 (venue time) 14:30 (local time)","10","Bayer Leverkusen","Heidenheim","Bayer Leverkusen","Mark Flekken","1","nl NED","GK","32-148","90","0","0","0","0","0","0","0","0","21","0","0","0","0.0","0.0","0.0","0","0","21","21","100.0","0","13","0","0","0","/en/players/a92ab7be/Mark-Flekken","https://fbref.com/en/matches/8e4a9eea/Bayer-Leverkusen-Heidenheim-November-8-2025-Bundesliga","BayArena"
"Bundesliga","2025-2026","Saturday November 8, 2025, 15:30 (venue time) 14:30 (local time)","10","Bayer Leverkusen","Heidenheim","Heidenheim","Budu Zivzivadze","11","ge GEO","FW","31-243","32","0","0","0","0","0","0","0","0","8","0","0","0","0.0","0.0","0.0","0","0","4","7","57.1","0","5","0","0","0","/en/players/e3a72b89/Budu-Zivzivadze","https://fbref.com/en/matches/8e4a9eea/Bayer-Leverkusen-Heidenheim-November-8-2025-Bundesliga","BayArena"
"Bundesliga","2025-2026","Saturday November 8, 2025, 15:30 (venue time) 14:30 (local time)","10","Bayer Leverkusen","Heidenheim","Heidenheim","Benedikt Gimber","5","de GER","CM,CB","28-262","58","0","0","0","0","0","0","0","0","20","1","0","0","0.0","0.0","0.0","0","0","15","19","78.9","0","11","0","0","0","/en/players/e5f76710/Benedikt-Gimber","https://fbref.com/en/matches/8e4a9eea/Bayer-Leverkusen-Heidenheim-November-8-2025-Bundesliga","BayArena"
"Bundesliga","2025-2026","Saturday November 8, 2025, 15:30 (venue time) 14:30 (local time)","10","Bayer Leverkusen","Heidenheim","Heidenheim","Mathias Honsak","17","at AUT","LM,AM","28-323","66","0","0","0","0","0","0","0","0","31","2","0","1","0.0","0.0","0.0","0","0","15","19","78.9","0","17","1","4","2","/en/players/3dbdbb6a/Mathias-Honsak","https://fbref.com/en/matches/8e4a9eea/Bayer-Leverkusen-Heidenheim-November-8-2025-Bundesliga","BayArena"
"Bundesliga","2025-2026","Saturday November 8, 2025, 15:30 (venue time) 14:30 (local time)","10","Bayer Leverkusen","Heidenheim","Heidenheim","Marvin Pieringer","18","de GER","FW","26-035","24","0","0","0","0","0","0","0","0","16","0","0","1","0.0","0.0","0.0","0","0","7","11","63.6","0","9","1","1","0","/en/players/11407d95/Marvin-Pieringer","https://fbref.com/en/matches/8e4a9eea/Bayer-Leverkusen-Heidenheim-November-8-2025-Bundesliga","BayArena"
"Bundesliga","2025-2026","Saturday November 8, 2025, 15:30 (venue time) 14:30 (local time)","10","Bayer Leverkusen","Heidenheim","Heidenheim","Arijon Ibrahimović","22","de GER","FW,AM,LM","19-332","90","0","0","0","0","1","0","0","0","35","1","0","1","0.1","0.1","0.0","0","0","21","29","72.4","2","16","0","1","0","/en/players/f5c4fd91/Arijon-Ibrahimovic","https://fbref.com/en/matches/8e4a9eea/Bayer-Leverkusen-Heidenheim-November-8-2025-Bundesliga","BayArena"
"Bundesliga","2025-2026","Saturday November 8, 2025, 15:30 (venue time) 14:30 (local time)","10","Bayer Leverkusen","Heidenheim","Heidenheim","Julian Niehues","16","de GER","LM","24-205","32","0","0","0","0","0","0","0","0","14","0","1","1","0.0","0.0","0.0","0","0","10","10","100.0","1","11","0","0","0","/en/players/5bc27912/Julian-Niehues","https://fbref.com/en/matches/8e4a9eea/Bayer-Leverkusen-Heidenheim-November-8-2025-Bundesliga","BayArena"
"Bundesliga","2025-2026","Saturday November 8, 2025, 15:30 (venue time) 14:30 (local time)","10","Bayer Leverkusen","Heidenheim","Heidenheim","Niklas Dorsch","30","de GER","CM","27-297","58","0","0","0","0","0","0","0","0","35","3","2","1","0.0","0.0","0.0","0","0","26","29","89.7","1","20","0","0","0","/en/players/7f73bdf4/Niklas-Dorsch","https://fbref.com/en/matches/8e4a9eea/Bayer-Leverkusen-Heidenheim-November-8-2025-Bundesliga","BayArena"
"Bundesliga","2025-2026","Saturday November 8, 2025, 15:30 (venue time) 14:30 (local time)","10","Bayer Leverkusen","Heidenheim","Heidenheim","Jan Schöppner","3","de GER","CM","26-149","45","0","0","0","0","0","0","1","0","22","1","1","0","0.0","0.0","0.0","0","0","15","18","83.3","2","16","1","1","0","/en/players/932bfcac/Jan-Schoppner","https://fbref.com/en/matches/8e4a9eea/Bayer-Leverkusen-Heidenheim-November-8-2025-Bundesliga","BayArena"
"Bundesliga","2025-2026","Saturday November 8, 2025, 15:30 (venue time) 14:30 (local time)","10","Bayer Leverkusen","Heidenheim","Heidenheim","Adam Kölle","28","de GER","CB","19-194","45","0","0","0","0","0","0","0","0","17","0","0","0","0.0","0.0","0.0","0","0","10","11","90.9","0","11","0","0","0","/en/players/86857234/Adam-Kolle","https://fbref.com/en/matches/8e4a9eea/Bayer-Leverkusen-Heidenheim-November-8-2025-Bundesliga","BayArena"
"Bundesliga","2025-2026","Saturday November 8, 2025, 15:30 (venue time) 14:30 (local time)","10","Bayer Leverkusen","Heidenheim","Heidenheim","Marnon Busch","2","de GER","RM","30-335","82","0","0","0","0","0","0","0","0","23","2","0","2","0.0","0.0","0.0","0","0","10","12","83.3","1","9","1","0","0","/en/players/c38767ab/Marnon-Busch","https://fbref.com/en/matches/8e4a9eea/Bayer-Leverkusen-Heidenheim-November-8-2025-Bundesliga","BayArena"
"Bundesliga","2025-2026","Saturday November 8, 2025, 15:30 (venue time) 14:30 (local time)","10","Bayer Leverkusen","Heidenheim","Heidenheim","Adrian Beck","21","de GER","RM","28-152","8","0","0","0","0","0","0","0","0","5","0","0","0","0.0","0.0","0.0","0","0","3","3","100.0","0","2","0","1","1","/en/players/616c09f5/Adrian-Beck","https://fbref.com/en/matches/8e4a9eea/Bayer-Leverkusen-Heidenheim-November-8-2025-Bundesliga","BayArena"
"Bundesliga","2025-2026","Saturday November 8, 2025, 15:30 (venue time) 14:30 (local time)","10","Bayer Leverkusen","Heidenheim","Heidenheim","Jonas Föhrenbach","19","de GER","LB","29-286","90","0","0","0","0","0","0","0","0","30","1","1","1","0.0","0.0","0.0","0","0","18","22","81.8","0","10","0","1","0","/en/players/1b4be8eb/Jonas-Fohrenbach","https://fbref.com/en/matches/8e4a9eea/Bayer-Leverkusen-Heidenheim-November-8-2025-Bundesliga","BayArena"
"Bundesliga","2025-2026","Saturday November 8, 2025, 15:30 (venue time) 14:30 (local time)","10","Bayer Leverkusen","Heidenheim","Heidenheim","Tim Siersleben","4","de GER","CB","25-244","90","0","0","0","0","0","0","0","0","48","1","5","2","0.0","0.0","0.0","0","0","27","35","77.1","1","25","0","0","0","/en/players/f761c901/Tim-Siersleben","https://fbref.com/en/matches/8e4a9eea/Bayer-Leverkusen-Heidenheim-November-8-2025-Bundesliga","BayArena"
"Bundesliga","2025-2026","Saturday November 8, 2025, 15:30 (venue time) 14:30 (local time)","10","Bayer Leverkusen","Heidenheim","Heidenheim","Patrick Mainka","6","de GER","CB","31-002","90","0","0","0","0","0","0","0","0","45","0","0","3","0.0","0.0","0.0","0","0","27","32","84.4","0","25","0","0","0","/en/players/dd9caa07/Patrick-Mainka","https://fbref.com/en/matches/8e4a9eea/Bayer-Leverkusen-Heidenheim-November-8-2025-Bundesliga","BayArena"
"Bundesliga","2025-2026","Saturday November 8, 2025, 15:30 (venue time) 14:30 (local time)","10","Bayer Leverkusen","Heidenheim","Heidenheim","Omar Traoré","23","de GER","RB","27-277","90","0","0","0","0","0","0","0","0","43","1","2","1","0.0","0.0","0.0","0","0","34","36","94.4","4","18","0","0","0","/en/players/f44e8a73/Omar-Traore","https://fbref.com/en/matches/8e4a9eea/Bayer-Leverkusen-Heidenheim-November-8-2025-Bundesliga","BayArena"
"Bundesliga","2025-2026","Saturday November 8, 2025, 15:30 (venue time) 14:30 (local time)","10","Bayer Leverkusen","Heidenheim","Heidenheim","Diant Ramaj","41","de GER","GK","24-050","90","0","0","0","0","0","0","0","0","57","0","0","0","0.0","0.0","0.0","0","0","35","54","64.8","0","38","0","0","0","/en/players/b90c4a43/Diant-Ramaj","https://fbref.com/en/matches/8e4a9eea/Bayer-Leverkusen-Heidenheim-November-8-2025-Bundesliga","BayArena"
"Bundesliga","2025-2026","Saturday November 8, 2025, 18:30 (venue time) 17:30 (local time)","10","Mönchengladbach","Köln","Mönchengladbach","Haris Tabakovic","15","ba BIH","FW","31-141","90","1","1","0","1","1","1","0","0","38","0","0","1","1.7","0.9","0.2","3","0","18","22","81.8","2","21","0","1","1","/en/players/723b19c7/Haris-Tabakovic","https://fbref.com/en/matches/546be97e/Monchengladbach-Koln-November-8-2025-Bundesliga","Stadion im Borussia-Park"
"Bundesliga","2025-2026","Saturday November 8, 2025, 18:30 (venue time) 17:30 (local time)","10","Mönchengladbach","Köln","Mönchengladbach","Franck Honorat","9","fr FRA","FW","29-089","75","0","1","0","0","1","0","0","0","29","1","0","0","0.0","0.0","0.9","3","2","10","22","45.5","3","18","5","2","1","/en/players/db7849ca/Franck-Honorat","https://fbref.com/en/matches/546be97e/Monchengladbach-Koln-November-8-2025-Bundesliga","Stadion im Borussia-Park"
"Bundesliga","2025-2026","Saturday November 8, 2025, 18:30 (venue time) 17:30 (local time)","10","Mönchengladbach","Köln","Mönchengladbach","Shuto Machino","18","jp JPN","FW","26-039","15","0","0","0","0","1","0","0","0","16","2","0","0","0.1","0.1","0.0","0","0","5","11","45.5","0","8","0","0","0","/en/players/964dde35/Shuto-Machino","https://fbref.com/en/matches/546be97e/Monchengladbach-Koln-November-8-2025-Bundesliga","Stadion im Borussia-Park"
"Bundesliga","2025-2026","Saturday November 8, 2025, 18:30 (venue time) 17:30 (local time)","10","Mönchengladbach","Köln","Mönchengladbach","Florian Neuhaus","10","de GER","CM","28-237","74","0","0","0","0","0","0","0","0","46","0","0","1","0.0","0.0","0.0","1","0","33","43","76.7","6","34","0","1","0","/en/players/36a59ba4/Florian-Neuhaus","https://fbref.com/en/matches/546be97e/Monchengladbach-Koln-November-8-2025-Bundesliga","Stadion im Borussia-Park"
"Bundesliga","2025-2026","Saturday November 8, 2025, 18:30 (venue time) 17:30 (local time)","10","Mönchengladbach","Köln","Mönchengladbach","Gio Reyna","13","us USA","CM","22-360","16","0","0","0","0","0","0","0","0","15","0","0","1","0.0","0.0","0.0","1","0","8","8","100.0","2","7","0","0","0","/en/players/7fa4e703/Gio-Reyna","https://fbref.com/en/matches/546be97e/Monchengladbach-Koln-November-8-2025-Bundesliga","Stadion im Borussia-Park"
"Bundesliga","2025-2026","Saturday November 8, 2025, 18:30 (venue time) 17:30 (local time)","10","Mönchengladbach","Köln","Mönchengladbach","Yannik Engelhardt","6","de GER","CM","24-274","90","0","0","0","0","0","0","0","0","45","3","2","2","0.0","0.0","0.1","1","0","27","31","87.1","1","20","0","0","0","/en/players/fac66db3/Yannik-Engelhardt","https://fbref.com/en/matches/546be97e/Monchengladbach-Koln-November-8-2025-Bundesliga","Stadion im Borussia-Park"
"Bundesliga","2025-2026","Saturday November 8, 2025, 18:30 (venue time) 17:30 (local time)","10","Mönchengladbach","Köln","Mönchengladbach","Rocco Reitz","27","de GER","CM","23-163","89","0","0","0","0","2","0","1","0","40","2","1","1","0.2","0.1","0.0","1","1","17","27","63.0","3","20","2","3","2","/en/players/cc971106/Rocco-Reitz","https://fbref.com/en/matches/546be97e/Monchengladbach-Koln-November-8-2025-Bundesliga","Stadion im Borussia-Park"
"Bundesliga","2025-2026","Saturday November 8, 2025, 18:30 (venue time) 17:30 (local time)","10","Mönchengladbach","Köln","Mönchengladbach","Oscar Fraulo","22","dk DEN","CM","21-337","1","0","0","0","0","0","0","0","0","5","0","0","1","0.0","0.0","0.0","0","0","1","1","100.0","0","0","0","0","0","/en/players/458e3479/Oscar-Fraulo","https://fbref.com/en/matches/546be97e/Monchengladbach-Koln-November-8-2025-Bundesliga","Stadion im Borussia-Park"
"Bundesliga","2025-2026","Saturday November 8, 2025, 18:30 (venue time) 17:30 (local time)","10","Mönchengladbach","Köln","Mönchengladbach","Lukas Ullrich","26","de GER","LB","21-237","90","0","0","0","0","1","0","0","0","34","1","0","1","0.0","0.0","0.1","2","0","19","22","86.4","1","17","2","1","1","/en/players/d646c218/Lukas-Ullrich","https://fbref.com/en/matches/546be97e/Monchengladbach-Koln-November-8-2025-Bundesliga","Stadion im Borussia-Park"
"Bundesliga","2025-2026","Saturday November 8, 2025, 18:30 (venue time) 17:30 (local time)","10","Mönchengladbach","Köln","Mönchengladbach","Kevin Diks","4","id IDN","CB","29-033","90","1","0","1","1","0","0","1","0","79","2","1","2","0.8","0.0","0.0","1","0","54","58","93.1","0","49","0","0","0","/en/players/f179ee11/Kevin-Diks","https://fbref.com/en/matches/546be97e/Monchengladbach-Koln-November-8-2025-Bundesliga","Stadion im Borussia-Park"
"Bundesliga","2025-2026","Saturday November 8, 2025, 18:30 (venue time) 17:30 (local time)","10","Mönchengladbach","Köln","Mönchengladbach","Nico Elvedi","30","ch SUI","CB","29-039","90","0","0","0","0","0","0","0","0","56","1","1","1","0.0","0.0","0.0","1","0","32","35","91.4","3","26","1","0","0","/en/players/48035304/Nico-Elvedi","https://fbref.com/en/matches/546be97e/Monchengladbach-Koln-November-8-2025-Bundesliga","Stadion im Borussia-Park"
"Bundesliga","2025-2026","Saturday November 8, 2025, 18:30 (venue time) 17:30 (local time)","10","Mönchengladbach","Köln","Mönchengladbach","Philipp Sander","16","de GER","CB","27-260","62","1","0","0","0","1","1","0","0","47","1","2","2","0.1","0.0","0.0","0","0","28","37","75.7","4","20","1","0","0","/en/players/5c90bad8/Philipp-Sander","https://fbref.com/en/matches/546be97e/Monchengladbach-Koln-November-8-2025-Bundesliga","Stadion im Borussia-Park"
"Bundesliga","2025-2026","Saturday November 8, 2025, 18:30 (venue time) 17:30 (local time)","10","Mönchengladbach","Köln","Mönchengladbach","Marvin Friedrich","5","de GER","CB","29-330","28","0","0","0","0","0","0","0","0","8","0","0","0","0.0","0.0","0.0","0","0","1","4","25.0","0","0","0","0","0","/en/players/b77f44a4/Marvin-Friedrich","https://fbref.com/en/matches/546be97e/Monchengladbach-Koln-November-8-2025-Bundesliga","Stadion im Borussia-Park"
"Bundesliga","2025-2026","Saturday November 8, 2025, 18:30 (venue time) 17:30 (local time)","10","Mönchengladbach","Köln","Mönchengladbach","Joe Scally","29","us USA","RB","22-312","90","0","0","0","0","0","0","0","0","37","2","1","1","0.0","0.0","0.0","1","0","20","26","76.9","3","14","0","3","1","/en/players/236f02cd/Joe-Scally","https://fbref.com/en/matches/546be97e/Monchengladbach-Koln-November-8-2025-Bundesliga","Stadion im Borussia-Park"
"Bundesliga","2025-2026","Saturday November 8, 2025, 18:30 (venue time) 17:30 (local time)","10","Mönchengladbach","Köln","Mönchengladbach","Moritz Nicolas","33","de GER","GK","28-018","90","0","0","0","0","0","0","0","0","32","0","0","0","0.0","0.0","0.0","0","0","25","29","86.2","0","19","0","0","0","/en/players/226ddf9d/Moritz-Nicolas","https://fbref.com/en/matches/546be97e/Monchengladbach-Koln-November-8-2025-Bundesliga","Stadion im Borussia-Park"
"Bundesliga","2025-2026","Saturday November 8, 2025, 18:30 (venue time) 17:30 (local time)","10","Mönchengladbach","Köln","Köln","Said El Mala","13","de GER","FW","19-074","45","0","0","0","0","1","1","0","0","21","2","0","1","0.0","0.0","0.0","1","0","7","10","70.0","1","10","0","3","1","/en/players/9db21d7f/Said-El-Mala","https://fbref.com/en/matches/546be97e/Monchengladbach-Koln-November-8-2025-Bundesliga","Stadion im Borussia-Park"
"Bundesliga","2025-2026","Saturday November 8, 2025, 18:30 (venue time) 17:30 (local time)","10","Mönchengladbach","Köln","Köln","Sebastian Sebulonsen","28","no NOR","RB,FW","25-285","45","0","0","0","0","2","0","1","0","42","1","0","1","0.2","0.2","0.2","4","0","22","34","64.7","3","15","0","1","1","/en/players/d62063b7/Sebastian-Sebulonsen","https://fbref.com/en/matches/546be97e/Monchengladbach-Koln-November-8-2025-Bundesliga","Stadion im Borussia-Park"
"Bundesliga","2025-2026","Saturday November 8, 2025, 18:30 (venue time) 17:30 (local time)","10","Mönchengladbach","Köln","Köln","Marius Bülter","30","de GER","FW","32-224","90","0","0","0","0","4","1","0","0","46","0","0","0","0.5","0.5","0.2","4","0","25","36","69.4","4","26","3","0","0","/en/players/ab5b7dc1/Marius-Bulter","https://fbref.com/en/matches/546be97e/Monchengladbach-Koln-November-8-2025-Bundesliga","Stadion im Borussia-Park"
"Bundesliga","2025-2026","Saturday November 8, 2025, 18:30 (venue time) 17:30 (local time)","10","Mönchengladbach","Köln","Köln","Florian Kainz","11","at AUT","CM","33-015","45","0","0","0","0","0","0","0","0","33","0","0","0","0.0","0.0","0.0","0","0","21","32","65.6","3","19","2","0","0","/en/players/94c18565/Florian-Kainz","https://fbref.com/en/matches/546be97e/Monchengladbach-Koln-November-8-2025-Bundesliga","Stadion im Borussia-Park"
"Bundesliga","2025-2026","Saturday November 8, 2025, 18:30 (venue time) 17:30 (local time)","10","Mönchengladbach","Köln","Köln","Ragnar Ache","9","de GER","FW,CM","27-103","45","0","0","0","0","3","1","1","0","17","0","0","0","0.3","0.3","0.0","2","1","5","10","50.0","2","3","0","0","0","/en/players/dc38e3bc/Ragnar-Ache","https://fbref.com/en/matches/546be97e/Monchengladbach-Koln-November-8-2025-Bundesliga","Stadion im Borussia-Park"
"Bundesliga","2025-2026","Saturday November 8, 2025, 18:30 (venue time) 17:30 (local time)","10","Mönchengladbach","Köln","Köln","Denis Huseinbasic","8","ba BIH","CM","24-128","90","0","0","0","0","1","0","1","0","88","2","0","0","0.0","0.0","0.0","2","0","80","82","97.6","2","45","4","0","0","/en/players/b116c6e3/Denis-Huseinbasic","https://fbref.com/en/matches/546be97e/Monchengladbach-Koln-November-8-2025-Bundesliga","Stadion im Borussia-Park"
"Bundesliga","2025-2026","Saturday November 8, 2025, 18:30 (venue time) 17:30 (local time)","10","Mönchengladbach","Köln","Köln","Ísak Jóhannesson","18","is ISL","CM,RM","22-230","79","0","0","0","0","0","0","0","0","51","1","0","0","0.0","0.0","0.4","6","0","40","48","83.3","6","22","0","1","1","/en/players/c16c4e3b/Isak-Johannesson","https://fbref.com/en/matches/546be97e/Monchengladbach-Koln-November-8-2025-Bundesliga","Stadion im Borussia-Park"
"Bundesliga","2025-2026","Saturday November 8, 2025, 18:30 (venue time) 17:30 (local time)","10","Mönchengladbach","Köln","Köln","Alessio Castro-Montes","17","be BEL","RM","28-175","11","0","0","0","0","0","0","0","0","22","0","0","0","0.0","0.0","0.0","0","0","16","21","76.2","2","11","1","0","0","/en/players/742a4995/Alessio-Castro-Montes","https://fbref.com/en/matches/546be97e/Monchengladbach-Koln-November-8-2025-Bundesliga","Stadion im Borussia-Park"
"Bundesliga","2025-2026","Saturday November 8, 2025, 18:30 (venue time) 17:30 (local time)","10","Mönchengladbach","Köln","Köln","Kristoffer Lund","32","us USA","WB","23-178","66","0","0","0","0","0","0","0","0","42","0","1","0","0.0","0.0","0.1","1","0","25","37","67.6","1","16","2","1","0","/en/players/9e3e5d05/Kristoffer-Lund","https://fbref.com/en/matches/546be97e/Monchengladbach-Koln-November-8-2025-Bundesliga","Stadion im Borussia-Park"
"Bundesliga","2025-2026","Saturday November 8, 2025, 18:30 (venue time) 17:30 (local time)","10","Mönchengladbach","Köln","Köln","Linton Maina","37","de GER","LB","26-138","24","0","0","0","0","0","0","0","0","28","0","1","0","0.0","0.0","0.0","4","1","20","24","83.3","5","17","3","3","2","/en/players/e5d85da8/Linton-Maina","https://fbref.com/en/matches/546be97e/Monchengladbach-Koln-November-8-2025-Bundesliga","Stadion im Borussia-Park"
"Bundesliga","2025-2026","Saturday November 8, 2025, 18:30 (venue time) 17:30 (local time)","10","Mönchengladbach","Köln","Köln","Jakub Kamiński","16","pl POL","WB,LM","23-156","90","0","0","0","0","1","0","0","0","40","4","0","0","0.1","0.1","0.0","2","0","24","28","85.7","3","16","1","1","0","/en/players/202b3b68/Jakub-Kaminski","https://fbref.com/en/matches/546be97e/Monchengladbach-Koln-November-8-2025-Bundesliga","Stadion im Borussia-Park"
"Bundesliga","2025-2026","Saturday November 8, 2025, 18:30 (venue time) 17:30 (local time)","10","Mönchengladbach","Köln","Köln","Cenk Özkacar","39","tr TUR","CB","25-033","66","0","0","0","0","1","1","0","0","65","1","3","1","0.0","0.0","0.0","0","0","56","57","98.2","5","37","0","0","0","/en/players/9a93efc9/Cenk-Ozkacar","https://fbref.com/en/matches/546be97e/Monchengladbach-Koln-November-8-2025-Bundesliga","Stadion im Borussia-Park"
"Bundesliga","2025-2026","Saturday November 8, 2025, 18:30 (venue time) 17:30 (local time)","10","Mönchengladbach","Köln","Köln","Luca Waldschmidt","7","de GER","CM","29-173","24","1","0","1","1","3","0","0","0","25","0","0","0","0.9","0.1","0.0","4","0","15","19","78.9","1","16","1","1","0","/en/players/e5a35ae9/Luca-Waldschmidt","https://fbref.com/en/matches/546be97e/Monchengladbach-Koln-November-8-2025-Bundesliga","Stadion im Borussia-Park"
"Bundesliga","2025-2026","Saturday November 8, 2025, 18:30 (venue time) 17:30 (local time)","10","Mönchengladbach","Köln","Köln","Eric Martel","6","de GER","CB","23-193","90","0","0","0","0","0","0","0","0","108","0","1","3","0.0","0.0","0.1","2","0","92","99","92.9","10","58","1","1","0","/en/players/92a16062/Eric-Martel","https://fbref.com/en/matches/546be97e/Monchengladbach-Koln-November-8-2025-Bundesliga","Stadion im Borussia-Park"
"Bundesliga","2025-2026","Saturday November 8, 2025, 18:30 (venue time) 17:30 (local time)","10","Mönchengladbach","Köln","Köln","Joël Schmied","2","ch SUI","CB","27-046","90","0","0","0","0","2","0","0","0","94","4","2","1","0.1","0.1","0.0","1","0","82","86","95.3","8","43","0","0","0","/en/players/f6ad6b97/Joel-Schmied","https://fbref.com/en/matches/546be97e/Monchengladbach-Koln-November-8-2025-Bundesliga","Stadion im Borussia-Park"
"Bundesliga","2025-2026","Saturday November 8, 2025, 18:30 (venue time) 17:30 (local time)","10","Mönchengladbach","Köln","Köln","Marvin Schwäbe","1","de GER","GK","30-197","90","0","0","0","0","0","0","0","0","41","0","0","0","0.0","0.0","0.0","0","0","24","36","66.7","0","14","0","0","0","/en/players/87436846/Marvin-Schwabe","https://fbref.com/en/matches/546be97e/Monchengladbach-Koln-November-8-2025-Bundesliga","Stadion im Borussia-Park"
"Bundesliga","2025-2026","Sunday November 9, 2025, 15:30 (venue time) 14:30 (local time)","10","Freiburg","St. Pauli","Freiburg","Junior Adamu","20","at AUT","FW","24-156","57","0","0","0","0","0","0","0","0","15","0","1","1","0.0","0.0","0.0","1","0","5","10","50.0","0","10","0","1","0","/en/players/82e12fe7/Junior-Adamu","https://fbref.com/en/matches/9b9ef973/Freiburg-St-Pauli-November-9-2025-Bundesliga","Europa-Park Stadion"
"Bundesliga","2025-2026","Sunday November 9, 2025, 15:30 (venue time) 14:30 (local time)","10","Freiburg","St. Pauli","Freiburg","Igor Matanovic","31","hr CRO","FW","22-223","33","0","0","0","0","1","0","0","0","12","0","0","0","0.0","0.0","0.0","0","0","4","6","66.7","1","6","1","0","0","/en/players/948e1292/Igor-Matanovic","https://fbref.com/en/matches/9b9ef973/Freiburg-St-Pauli-November-9-2025-Bundesliga","Europa-Park Stadion"
"Bundesliga","2025-2026","Sunday November 9, 2025, 15:30 (venue time) 14:30 (local time)","10","Freiburg","St. Pauli","Freiburg","Vincenzo Grifo","32","it ITA","LW","32-216","57","0","0","0","0","0","0","0","0","58","0","0","0","0.0","0.0","0.1","3","1","44","56","78.6","2","34","2","0","0","/en/players/54e4866f/Vincenzo-Grifo","https://fbref.com/en/matches/9b9ef973/Freiburg-St-Pauli-November-9-2025-Bundesliga","Europa-Park Stadion"
"Bundesliga","2025-2026","Sunday November 9, 2025, 15:30 (venue time) 14:30 (local time)","10","Freiburg","St. Pauli","Freiburg","Derry Scherhant","7","de GER","LW","22-364","33","0","0","0","0","1","0","0","0","13","0","1","0","0.0","0.0","0.0","0","0","5","7","71.4","0","6","0","2","0","/en/players/93cba339/Derry-Scherhant","https://fbref.com/en/matches/9b9ef973/Freiburg-St-Pauli-November-9-2025-Bundesliga","Europa-Park Stadion"
"Bundesliga","2025-2026","Sunday November 9, 2025, 15:30 (venue time) 14:30 (local time)","10","Freiburg","St. Pauli","Freiburg","Jan-Niklas Beste","19","de GER","RW","26-309","87","0","0","0","0","1","1","1","0","40","1","0","2","0.1","0.1","0.2","1","0","15","30","50.0","1","23","2","0","0","/en/players/57382429/Jan-Niklas-Beste","https://fbref.com/en/matches/9b9ef973/Freiburg-St-Pauli-November-9-2025-Bundesliga","Europa-Park Stadion"
"Bundesliga","2025-2026","Sunday November 9, 2025, 15:30 (venue time) 14:30 (local time)","10","Freiburg","St. Pauli","Freiburg","Max Rosenfelder","37","de GER","RW","22-272","3","0","0","0","0","0","0","0","0","3","0","0","0","0.0","0.0","0.0","0","0","1","2","50.0","0","0","0","0","0","/en/players/b6ceba6b/Max-Rosenfelder","https://fbref.com/en/matches/9b9ef973/Freiburg-St-Pauli-November-9-2025-Bundesliga","Europa-Park Stadion"
"Bundesliga","2025-2026","Sunday November 9, 2025, 15:30 (venue time) 14:30 (local time)","10","Freiburg","St. Pauli","Freiburg","Yuito Suzuki","14","jp JPN","AM","24-015","70","1","0","0","0","2","2","0","0","25","0","1","0","0.3","0.3","0.0","1","0","16","20","80.0","0","19","0","0","0","/en/players/c25a7a2a/Yuito-Suzuki","https://fbref.com/en/matches/9b9ef973/Freiburg-St-Pauli-November-9-2025-Bundesliga","Europa-Park Stadion"
"Bundesliga","2025-2026","Sunday November 9, 2025, 15:30 (venue time) 14:30 (local time)","10","Freiburg","St. Pauli","Freiburg","Patrick Osterhage","6","de GER","AM","25-281","20","0","0","0","0","0","0","0","0","11","0","0","0","0.0","0.0","0.0","0","0","8","8","100.0","0","6","0","0","0","/en/players/9662c9ec/Patrick-Osterhage","https://fbref.com/en/matches/9b9ef973/Freiburg-St-Pauli-November-9-2025-Bundesliga","Europa-Park Stadion"
"Bundesliga","2025-2026","Sunday November 9, 2025, 15:30 (venue time) 14:30 (local time)","10","Freiburg","St. Pauli","Freiburg","Johan Manzambi","44","ch SUI","DM","20-026","90","0","0","0","0","0","0","0","0","79","0","0","1","0.0","0.0","0.0","4","1","64","70","91.4","5","62","2","2","1","/en/players/8fcf0e12/Johan-Manzambi","https://fbref.com/en/matches/9b9ef973/Freiburg-St-Pauli-November-9-2025-Bundesliga","Europa-Park Stadion"
"Bundesliga","2025-2026","Sunday November 9, 2025, 15:30 (venue time) 14:30 (local time)","10","Freiburg","St. Pauli","Freiburg","Maximilian Eggestein","8","de GER","DM","28-336","90","1","0","0","0","3","1","1","0","63","1","2","0","0.6","0.6","0.0","1","0","46","50","92.0","4","35","1","1","0","/en/players/beb882a8/Maximilian-Eggestein","https://fbref.com/en/matches/9b9ef973/Freiburg-St-Pauli-November-9-2025-Bundesliga","Europa-Park Stadion"
"Bundesliga","2025-2026","Sunday November 9, 2025, 15:30 (venue time) 14:30 (local time)","10","Freiburg","St. Pauli","Freiburg","Christian Günter","30","de GER","LB","32-254","57","0","0","0","0","0","0","0","0","31","0","0","0","0.0","0.0","0.0","0","0","22","29","75.9","2","13","0","0","0","/en/players/8593f88c/Christian-Gunter","https://fbref.com/en/matches/9b9ef973/Freiburg-St-Pauli-November-9-2025-Bundesliga","Europa-Park Stadion"
"Bundesliga","2025-2026","Sunday November 9, 2025, 15:30 (venue time) 14:30 (local time)","10","Freiburg","St. Pauli","Freiburg","Jordy Makengo","33","fr FRA","LB","24-098","33","0","0","0","0","0","0","0","0","34","2","1","1","0.0","0.0","0.0","1","0","17","20","85.0","1","9","0","0","0","/en/players/14b09c41/Jordy-Makengo","https://fbref.com/en/matches/9b9ef973/Freiburg-St-Pauli-November-9-2025-Bundesliga","Europa-Park Stadion"
"Bundesliga","2025-2026","Sunday November 9, 2025, 15:30 (venue time) 14:30 (local time)","10","Freiburg","St. Pauli","Freiburg","Philipp Lienhart","3","at AUT","CB","29-121","90","0","0","0","0","0","0","0","0","139","1","1","0","0.0","0.0","0.1","1","0","119","130","91.5","12","85","3","0","0","/en/players/302527b2/Philipp-Lienhart","https://fbref.com/en/matches/9b9ef973/Freiburg-St-Pauli-November-9-2025-Bundesliga","Europa-Park Stadion"
"Bundesliga","2025-2026","Sunday November 9, 2025, 15:30 (venue time) 14:30 (local time)","10","Freiburg","St. Pauli","Freiburg","Matthias Ginter","28","de GER","CB","31-294","90","0","0","0","0","0","0","0","0","108","1","1","1","0.0","0.0","0.1","1","0","87","98","88.8","7","75","1","0","0","/en/players/f521b80a/Matthias-Ginter","https://fbref.com/en/matches/9b9ef973/Freiburg-St-Pauli-November-9-2025-Bundesliga","Europa-Park Stadion"
"Bundesliga","2025-2026","Sunday November 9, 2025, 15:30 (venue time) 14:30 (local time)","10","Freiburg","St. Pauli","Freiburg","Philipp Treu","29","de GER","RB","24-341","90","0","0","0","0","0","0","0","0","52","2","1","1","0.0","0.0","0.0","1","1","40","44","90.9","0","32","0","1","0","/en/players/047822ad/Philipp-Treu","https://fbref.com/en/matches/9b9ef973/Freiburg-St-Pauli-November-9-2025-Bundesliga","Europa-Park Stadion"
"Bundesliga","2025-2026","Sunday November 9, 2025, 15:30 (venue time) 14:30 (local time)","10","Freiburg","St. Pauli","Freiburg","Noah Atubolu","1","de GER","GK","23-168","90","0","0","0","0","0","0","0","0","37","0","0","0","0.0","0.0","0.0","0","0","28","37","75.7","0","19","0","0","0","/en/players/dbd1b101/Noah-Atubolu","https://fbref.com/en/matches/9b9ef973/Freiburg-St-Pauli-November-9-2025-Bundesliga","Europa-Park Stadion"
"Bundesliga","2025-2026","Sunday November 9, 2025, 15:30 (venue time) 14:30 (local time)","10","Freiburg","St. Pauli","St. Pauli","Martijn Kaars","19","nl NED","FW","26-249","58","0","0","0","0","0","0","0","0","28","1","0","0","0.0","0.0","0.0","0","0","16","20","80.0","1","10","0","0","0","/en/players/8aee2731/Martijn-Kaars","https://fbref.com/en/matches/9b9ef973/Freiburg-St-Pauli-November-9-2025-Bundesliga","Europa-Park Stadion"
"Bundesliga","2025-2026","Sunday November 9, 2025, 15:30 (venue time) 14:30 (local time)","10","Freiburg","St. Pauli","St. Pauli","Andreas Hountondji","27","bj BEN","FW","23-121","32","0","0","0","0","1","0","0","0","9","0","0","0","0.2","0.2","0.0","0","0","3","6","50.0","0","3","0","1","0","/en/players/02953b59/Andreas-Hountondji","https://fbref.com/en/matches/9b9ef973/Freiburg-St-Pauli-November-9-2025-Bundesliga","Europa-Park Stadion"
"Bundesliga","2025-2026","Sunday November 9, 2025, 15:30 (venue time) 14:30 (local time)","10","Freiburg","St. Pauli","St. Pauli","Connor Metcalfe","24","au AUS","LW","26-004","81","0","1","0","0","1","0","0","0","35","3","1","1","0.0","0.0","0.2","2","1","13","22","59.1","0","22","2","1","1","/en/players/73ce4d7d/Connor-Metcalfe","https://fbref.com/en/matches/9b9ef973/Freiburg-St-Pauli-November-9-2025-Bundesliga","Europa-Park Stadion"
"Bundesliga","2025-2026","Sunday November 9, 2025, 15:30 (venue time) 14:30 (local time)","10","Freiburg","St. Pauli","St. Pauli","Danel Sinani","10","lu LUX","LW","28-218","9","0","0","0","0","1","0","1","0","8","0","0","0","0.0","0.0","0.0","1","0","3","7","42.9","1","6","0","0","0","/en/players/96ddfa79/Danel-Sinani","https://fbref.com/en/matches/9b9ef973/Freiburg-St-Pauli-November-9-2025-Bundesliga","Europa-Park Stadion"
"Bundesliga","2025-2026","Sunday November 9, 2025, 15:30 (venue time) 14:30 (local time)","10","Freiburg","St. Pauli","St. Pauli","Mathias Pereira Lage","28","pt POR","RW","28-344","90","0","0","0","0","1","1","0","0","38","1","0","0","0.0","0.0","0.3","4","0","19","31","61.3","5","16","0","0","0","/en/players/8846a40f/Mathias-Pereira-Lage","https://fbref.com/en/matches/9b9ef973/Freiburg-St-Pauli-November-9-2025-Bundesliga","Europa-Park Stadion"
"Bundesliga","2025-2026","Sunday November 9, 2025, 15:30 (venue time) 14:30 (local time)","10","Freiburg","St. Pauli","St. Pauli","Louis Oppie","23","de GER","LM","23-176","90","1","0","0","0","1","1","0","0","54","0","1","0","0.2","0.2","0.0","2","0","36","47","76.6","2","21","0","1","0","/en/players/e3a26cb2/Louis-Oppie","https://fbref.com/en/matches/9b9ef973/Freiburg-St-Pauli-November-9-2025-Bundesliga","Europa-Park Stadion"
"Bundesliga","2025-2026","Sunday November 9, 2025, 15:30 (venue time) 14:30 (local time)","10","Freiburg","St. Pauli","St. Pauli","Joel Fujita","16","jp JPN","CM","23-266","90","0","0","0","0","0","0","1","0","50","3","2","0","0.0","0.0","0.0","2","0","29","40","72.5","1","25","4","2","2","/en/players/e57ebd24/Joel-Fujita","https://fbref.com/en/matches/9b9ef973/Freiburg-St-Pauli-November-9-2025-Bundesliga","Europa-Park Stadion"
"Bundesliga","2025-2026","Sunday November 9, 2025, 15:30 (venue time) 14:30 (local time)","10","Freiburg","St. Pauli","St. Pauli","James Sands","6","us USA","CM","25-126","67","0","0","0","0","0","0","0","0","30","2","1","0","0.0","0.0","0.0","0","0","16","22","72.7","0","11","0","0","0","/en/players/dccd127f/James-Sands","https://fbref.com/en/matches/9b9ef973/Freiburg-St-Pauli-November-9-2025-Bundesliga","Europa-Park Stadion"
"Bundesliga","2025-2026","Sunday November 9, 2025, 15:30 (venue time) 14:30 (local time)","10","Freiburg","St. Pauli","St. Pauli","Jackson Irvine","7","au AUS","CM","32-247","23","0","0","0","0","2","0","0","0","21","0","0","0","0.1","0.1","0.0","0","0","16","19","84.2","3","5","0","0","0","/en/players/4637747c/Jackson-Irvine","https://fbref.com/en/matches/9b9ef973/Freiburg-St-Pauli-November-9-2025-Bundesliga","Europa-Park Stadion"
"Bundesliga","2025-2026","Sunday November 9, 2025, 15:30 (venue time) 14:30 (local time)","10","Freiburg","St. Pauli","St. Pauli","Arkadiusz Pyrka","11","pl POL","RM","23-050","90","0","0","0","0","0","0","0","0","50","0","3","2","0.0","0.0","0.0","0","0","34","44","77.3","3","21","2","0","0","/en/players/8ae54a69/Arkadiusz-Pyrka","https://fbref.com/en/matches/9b9ef973/Freiburg-St-Pauli-November-9-2025-Bundesliga","Europa-Park Stadion"
"Bundesliga","2025-2026","Sunday November 9, 2025, 15:30 (venue time) 14:30 (local time)","10","Freiburg","St. Pauli","St. Pauli","Karol Mets","3","ee EST","CB","32-177","81","0","0","0","0","0","0","0","0","45","1","1","0","0.0","0.0","0.0","0","0","34","40","85.0","1","30","2","0","0","/en/players/ef2ad14e/Karol-Mets","https://fbref.com/en/matches/9b9ef973/Freiburg-St-Pauli-November-9-2025-Bundesliga","Europa-Park Stadion"
"Bundesliga","2025-2026","Sunday November 9, 2025, 15:30 (venue time) 14:30 (local time)","10","Freiburg","St. Pauli","St. Pauli","Abdoulie Ceesay","9","gm GAM","CB","21-308","9","0","0","0","0","0","0","0","0","8","0","0","0","0.0","0.0","0.0","0","0","4","5","80.0","1","3","0","0","0","/en/players/72ae8652/Abdoulie-Ceesay","https://fbref.com/en/matches/9b9ef973/Freiburg-St-Pauli-November-9-2025-Bundesliga","Europa-Park Stadion"
"Bundesliga","2025-2026","Sunday November 9, 2025, 15:30 (venue time) 14:30 (local time)","10","Freiburg","St. Pauli","St. Pauli","Eric Smith","8","se SWE","CB","28-305","90","0","0","0","0","0","0","0","0","56","1","1","3","0.0","0.0","0.0","0","0","34","47","72.3","2","35","0","1","1","/en/players/8817312f/Eric-Smith","https://fbref.com/en/matches/9b9ef973/Freiburg-St-Pauli-November-9-2025-Bundesliga","Europa-Park Stadion"
"Bundesliga","2025-2026","Sunday November 9, 2025, 15:30 (venue time) 14:30 (local time)","10","Freiburg","St. Pauli","St. Pauli","Hauke Wahl","5","de GER","CB","31-208","90","0","0","0","0","0","0","0","0","42","0","0","1","0.0","0.0","0.0","1","0","27","35","77.1","1","22","0","0","0","/en/players/f3db5b34/Hauke-Wahl","https://fbref.com/en/matches/9b9ef973/Freiburg-St-Pauli-November-9-2025-Bundesliga","Europa-Park Stadion"
"Bundesliga","2025-2026","Sunday November 9, 2025, 15:30 (venue time) 14:30 (local time)","10","Freiburg","St. Pauli","St. Pauli","Nikola Vasilj","22","ba BIH","GK","29-342","90","0","0","0","0","0","0","0","0","37","0","0","0","0.0","0.0","0.0","0","0","25","34","73.5","0","26","0","0","0","/en/players/f038585f/Nikola-Vasilj","https://fbref.com/en/matches/9b9ef973/Freiburg-St-Pauli-November-9-2025-Bundesliga","Europa-Park Stadion"
"Bundesliga","2025-2026","Sunday November 9, 2025, 17:30 (venue time) 16:30 (local time)","10","Stuttgart","Augsburg","Stuttgart","Deniz Undav","26","de GER","FW","29-113","89","2","0","0","0","7","3","0","0","35","0","0","0","0.6","0.6","0.0","4","0","14","23","60.9","3","15","2","2","0","/en/players/dd549382/Deniz-Undav","https://fbref.com/en/matches/1c06d4ba/Stuttgart-Augsburg-November-9-2025-Bundesliga","MHPArena"
"Bundesliga","2025-2026","Sunday November 9, 2025, 17:30 (venue time) 16:30 (local time)","10","Stuttgart","Augsburg","Stuttgart","Chema","30","es ESP","CM","20-198","1","0","0","0","0","0","0","0","0","8","0","0","0","0.0","0.0","0.0","0","0","6","6","100.0","2","4","0","0","0","/en/players/39ef21fa/Chema","https://fbref.com/en/matches/1c06d4ba/Stuttgart-Augsburg-November-9-2025-Bundesliga","MHPArena"
"Bundesliga","2025-2026","Sunday November 9, 2025, 17:30 (venue time) 16:30 (local time)","10","Stuttgart","Augsburg","Stuttgart","Jamie Leweling","18","de GER","LW,LB","24-256","90","0","0","0","0","0","0","0","0","42","0","1","0","0.0","0.0","0.0","0","0","25","33","75.8","1","20","1","2","0","/en/players/13fe7b69/Jamie-Leweling","https://fbref.com/en/matches/1c06d4ba/Stuttgart-Augsburg-November-9-2025-Bundesliga","MHPArena"
"Bundesliga","2025-2026","Sunday November 9, 2025, 17:30 (venue time) 16:30 (local time)","10","Stuttgart","Augsburg","Stuttgart","Badredine Bouanani","27","dz ALG","RW","20-336","67","0","0","0","0","1","0","0","0","31","0","1","0","0.1","0.1","0.0","1","0","16","26","61.5","3","22","2","2","0","/en/players/0400dd2f/Badredine-Bouanani","https://fbref.com/en/matches/1c06d4ba/Stuttgart-Augsburg-November-9-2025-Bundesliga","MHPArena"
"Bundesliga","2025-2026","Sunday November 9, 2025, 17:30 (venue time) 16:30 (local time)","10","Stuttgart","Augsburg","Stuttgart","Tiago Tomás","8","pt POR","RW,FW","23-146","23","0","0","0","0","1","0","0","0","15","1","0","0","0.6","0.6","0.0","0","0","7","9","77.8","0","7","1","3","2","/en/players/b492126a/Tiago-Tomas","https://fbref.com/en/matches/1c06d4ba/Stuttgart-Augsburg-November-9-2025-Bundesliga","MHPArena"
"Bundesliga","2025-2026","Sunday November 9, 2025, 17:30 (venue time) 16:30 (local time)","10","Stuttgart","Augsburg","Stuttgart","Bilal El Khannouss","11","ma MAR","AM","21-183","73","0","1","0","0","2","1","0","0","43","0","0","0","0.1","0.1","0.1","1","1","29","36","80.6","2","23","2","1","1","/en/players/f7042636/Bilal-El-Khannouss","https://fbref.com/en/matches/1c06d4ba/Stuttgart-Augsburg-November-9-2025-Bundesliga","MHPArena"
"Bundesliga","2025-2026","Sunday November 9, 2025, 17:30 (venue time) 16:30 (local time)","10","Stuttgart","Augsburg","Stuttgart","Chris Führich","10","de GER","AM,FW","27-304","17","0","0","0","0","0","0","0","0","20","0","0","0","0.0","0.0","0.0","2","1","15","18","83.3","5","16","3","1","1","/en/players/0cf778df/Chris-Fuhrich","https://fbref.com/en/matches/1c06d4ba/Stuttgart-Augsburg-November-9-2025-Bundesliga","MHPArena"
"Bundesliga","2025-2026","Sunday November 9, 2025, 17:30 (venue time) 16:30 (local time)","10","Stuttgart","Augsburg","Stuttgart","Angelo Stiller","6","de GER","DM,CM","24-219","90","0","1","0","0","0","0","0","0","80","1","0","1","0.0","0.0","0.3","7","2","58","73","79.5","6","44","0","1","1","/en/players/3b1ed320/Angelo-Stiller","https://fbref.com/en/matches/1c06d4ba/Stuttgart-Augsburg-November-9-2025-Bundesliga","MHPArena"
"Bundesliga","2025-2026","Sunday November 9, 2025, 17:30 (venue time) 16:30 (local time)","10","Stuttgart","Augsburg","Stuttgart","Atakan Karazor","16","tr TUR","DM","29-027","73","0","0","0","0","0","0","0","0","40","2","2","1","0.0","0.0","0.0","0","0","26","32","81.3","1","19","0","0","0","/en/players/5762be5c/Atakan-Karazor","https://fbref.com/en/matches/1c06d4ba/Stuttgart-Augsburg-November-9-2025-Bundesliga","MHPArena"
"Bundesliga","2025-2026","Sunday November 9, 2025, 17:30 (venue time) 16:30 (local time)","10","Stuttgart","Augsburg","Stuttgart","Nikolas Nartey","28","dk DEN","DM,CM","25-260","17","0","0","0","0","1","1","1","0","18","0","0","0","0.0","0.0","0.6","2","0","14","16","87.5","1","9","2","2","2","/en/players/30261ba1/Nikolas-Nartey","https://fbref.com/en/matches/1c06d4ba/Stuttgart-Augsburg-November-9-2025-Bundesliga","MHPArena"
"Bundesliga","2025-2026","Sunday November 9, 2025, 17:30 (venue time) 16:30 (local time)","10","Stuttgart","Augsburg","Stuttgart","Maximilian Mittelstädt","7","de GER","LB,CB","28-236","90","1","0","1","1","1","0","0","0","76","5","0","2","0.8","0.0","0.0","2","0","50","62","80.6","4","35","0","3","1","/en/players/88d4144a/Maximilian-Mittelstadt","https://fbref.com/en/matches/1c06d4ba/Stuttgart-Augsburg-November-9-2025-Bundesliga","MHPArena"
"Bundesliga","2025-2026","Sunday November 9, 2025, 17:30 (venue time) 16:30 (local time)","10","Stuttgart","Augsburg","Stuttgart","Dan-Axel Zagadou","23","fr FRA","CB","26-159","90","0","0","0","0","2","0","0","0","120","3","2","3","0.1","0.1","0.1","4","1","79","98","80.6","3","69","3","1","1","/en/players/a4effc55/Dan-Axel-Zagadou","https://fbref.com/en/matches/1c06d4ba/Stuttgart-Augsburg-November-9-2025-Bundesliga","MHPArena"
"Bundesliga","2025-2026","Sunday November 9, 2025, 17:30 (venue time) 16:30 (local time)","10","Stuttgart","Augsburg","Stuttgart","Finn Jeltsch","29","de GER","CB","19-115","90","0","0","0","0","1","0","0","0","91","1","3","1","0.1","0.1","0.0","2","0","73","79","92.4","3","52","1","0","0","/en/players/227c9f36/Finn-Jeltsch","https://fbref.com/en/matches/1c06d4ba/Stuttgart-Augsburg-November-9-2025-Bundesliga","MHPArena"
"Bundesliga","2025-2026","Sunday November 9, 2025, 17:30 (venue time) 16:30 (local time)","10","Stuttgart","Augsburg","Stuttgart","Lorenz Assignon","22","tg TOG","RB","25-140","89","0","0","0","0","0","0","1","0","74","0","3","2","0.0","0.0","0.1","5","1","49","61","80.3","2","29","2","3","0","/en/players/b026bbf6/Lorenz-Assignon","https://fbref.com/en/matches/1c06d4ba/Stuttgart-Augsburg-November-9-2025-Bundesliga","MHPArena"
"Bundesliga","2025-2026","Sunday November 9, 2025, 17:30 (venue time) 16:30 (local time)","10","Stuttgart","Augsburg","Stuttgart","Josha Vagnoman","4","de GER","RB","24-333","1","0","0","0","0","0","0","0","0","3","1","0","0","0.0","0.0","0.0","0","0","2","2","100.0","0","1","0","0","0","/en/players/fb377d11/Josha-Vagnoman","https://fbref.com/en/matches/1c06d4ba/Stuttgart-Augsburg-November-9-2025-Bundesliga","MHPArena"
"Bundesliga","2025-2026","Sunday November 9, 2025, 17:30 (venue time) 16:30 (local time)","10","Stuttgart","Augsburg","Stuttgart","Alexander Nübel","33","de GER","GK","29-040","90","0","0","0","0","0","0","0","0","47","0","0","0","0.0","0.0","0.0","0","0","35","45","77.8","0","33","0","0","0","/en/players/afb0c500/Alexander-Nubel","https://fbref.com/en/matches/1c06d4ba/Stuttgart-Augsburg-November-9-2025-Bundesliga","MHPArena"
"Bundesliga","2025-2026","Sunday November 9, 2025, 17:30 (venue time) 16:30 (local time)","10","Stuttgart","Augsburg","Augsburg","Alexis Claude-Maurice","20","fr FRA","FW","27-156","61","0","0","0","0","2","1","0","0","26","0","0","0","0.1","0.1","0.0","1","1","14","17","82.4","1","12","1","1","0","/en/players/741418c3/Alexis-Claude-Maurice","https://fbref.com/en/matches/1c06d4ba/Stuttgart-Augsburg-November-9-2025-Bundesliga","MHPArena"
"Bundesliga","2025-2026","Sunday November 9, 2025, 17:30 (venue time) 16:30 (local time)","10","Stuttgart","Augsburg","Augsburg","Samuel Essende","9","cd COD","FW","27-290","29","0","0","0","0","2","0","0","0","12","0","0","0","0.5","0.5","0.0","0","0","3","6","50.0","1","6","0","0","0","/en/players/821550ce/Samuel-Essende","https://fbref.com/en/matches/1c06d4ba/Stuttgart-Augsburg-November-9-2025-Bundesliga","MHPArena"
"Bundesliga","2025-2026","Sunday November 9, 2025, 17:30 (venue time) 16:30 (local time)","10","Stuttgart","Augsburg","Augsburg","Anton Kade","30","de GER","AM","21-296","80","0","0","0","0","4","2","0","0","27","1","0","2","0.3","0.3","0.4","2","0","11","14","78.6","1","8","0","2","1","/en/players/6d7598d5/Anton-Kade","https://fbref.com/en/matches/1c06d4ba/Stuttgart-Augsburg-November-9-2025-Bundesliga","MHPArena"
"Bundesliga","2025-2026","Sunday November 9, 2025, 17:30 (venue time) 16:30 (local time)","10","Stuttgart","Augsburg","Augsburg","Elias Saad","26","tn TUN","AM","25-317","10","0","0","0","0","1","1","0","0","8","0","0","0","0.0","0.0","0.0","0","0","6","6","100.0","2","5","1","0","0","/en/players/78a2284f/Elias-Saad","https://fbref.com/en/matches/1c06d4ba/Stuttgart-Augsburg-November-9-2025-Bundesliga","MHPArena"
"Bundesliga","2025-2026","Sunday November 9, 2025, 17:30 (venue time) 16:30 (local time)","10","Stuttgart","Augsburg","Augsburg","Fabian Rieder","32","ch SUI","AM","23-266","80","1","0","0","0","3","1","0","0","30","0","1","0","0.5","0.5","0.2","5","0","14","23","60.9","4","13","1","0","0","/en/players/c2bd8585/Fabian-Rieder","https://fbref.com/en/matches/1c06d4ba/Stuttgart-Augsburg-November-9-2025-Bundesliga","MHPArena"
"Bundesliga","2025-2026","Sunday November 9, 2025, 17:30 (venue time) 16:30 (local time)","10","Stuttgart","Augsburg","Augsburg","Mert Kömür","36","de GER","AM","20-115","10","0","0","0","0","0","0","0","0","10","0","0","1","0.0","0.0","0.1","1","0","4","6","66.7","1","6","0","2","1","/en/players/ec68a918/Mert-Komur","https://fbref.com/en/matches/1c06d4ba/Stuttgart-Augsburg-November-9-2025-Bundesliga","MHPArena"
"Bundesliga","2025-2026","Sunday November 9, 2025, 17:30 (venue time) 16:30 (local time)","10","Stuttgart","Augsburg","Augsburg","Elvis Rexhbeçaj","8","xk KVX","CM","28-008","83","0","0","0","0","0","0","0","0","41","2","0","2","0.0","0.0","0.0","2","0","25","35","71.4","2","18","2","1","1","/en/players/1ae836b1/Elvis-Rexhbecaj","https://fbref.com/en/matches/1c06d4ba/Stuttgart-Augsburg-November-9-2025-Bundesliga","MHPArena"
"Bundesliga","2025-2026","Sunday November 9, 2025, 17:30 (venue time) 16:30 (local time)","10","Stuttgart","Augsburg","Augsburg","Marius Wolf","27","de GER","WB","30-166","7","0","0","0","0","0","0","0","0","10","1","0","1","0.0","0.0","0.0","0","0","4","7","57.1","0","2","0","0","0","/en/players/fa661778/Marius-Wolf","https://fbref.com/en/matches/1c06d4ba/Stuttgart-Augsburg-November-9-2025-Bundesliga","MHPArena"
"Bundesliga","2025-2026","Sunday November 9, 2025, 17:30 (venue time) 16:30 (local time)","10","Stuttgart","Augsburg","Augsburg","Han-Noah Massengo","4","fr FRA","CM","24-125","90","1","0","0","0","2","1","0","0","48","1","3","2","0.3","0.3","0.0","0","0","34","37","91.9","6","23","2","1","1","/en/players/eba1e557/Han-Noah-Massengo","https://fbref.com/en/matches/1c06d4ba/Stuttgart-Augsburg-November-9-2025-Bundesliga","MHPArena"
"Bundesliga","2025-2026","Sunday November 9, 2025, 17:30 (venue time) 16:30 (local time)","10","Stuttgart","Augsburg","Augsburg","Dimitris Giannoulis","13","gr GRE","WB","30-023","90","0","0","0","0","0","0","1","0","64","3","1","6","0.0","0.0","0.3","4","0","29","43","67.4","3","25","1","1","1","/en/players/112c495e/Dimitris-Giannoulis","https://fbref.com/en/matches/1c06d4ba/Stuttgart-Augsburg-November-9-2025-Bundesliga","MHPArena"
"Bundesliga","2025-2026","Sunday November 9, 2025, 17:30 (venue time) 16:30 (local time)","10","Stuttgart","Augsburg","Augsburg","Robin Fellhauer","19","de GER","WB,CM","27-292","90","0","0","0","0","1","0","0","0","35","3","1","0","0.1","0.1","0.1","1","0","15","21","71.4","1","10","0","2","1","/en/players/b6ce3e6c/Robin-Fellhauer","https://fbref.com/en/matches/1c06d4ba/Stuttgart-Augsburg-November-9-2025-Bundesliga","MHPArena"
"Bundesliga","2025-2026","Sunday November 9, 2025, 17:30 (venue time) 16:30 (local time)","10","Stuttgart","Augsburg","Augsburg","Keven Schlotterbeck","31","de GER","CB","28-195","90","0","0","0","0","0","0","1","0","57","4","2","1","0.0","0.0","0.1","3","0","35","47","74.5","2","17","0","0","0","/en/players/f6bdc830/Keven-Schlotterbeck","https://fbref.com/en/matches/1c06d4ba/Stuttgart-Augsburg-November-9-2025-Bundesliga","MHPArena"
"Bundesliga","2025-2026","Sunday November 9, 2025, 17:30 (venue time) 16:30 (local time)","10","Stuttgart","Augsburg","Augsburg","Chrislain Matsima","5","fr FRA","CB","23-178","90","0","0","0","0","0","0","1","0","50","1","3","1","0.0","0.0","0.0","1","0","31","40","77.5","3","20","0","0","0","/en/players/cf1ef7ec/Chrislain-Matsima","https://fbref.com/en/matches/1c06d4ba/Stuttgart-Augsburg-November-9-2025-Bundesliga","MHPArena"
"Bundesliga","2025-2026","Sunday November 9, 2025, 17:30 (venue time) 16:30 (local time)","10","Stuttgart","Augsburg","Augsburg","Noahkai Banks","40","us USA","CB","18-343","61","0","0","0","0","1","0","0","0","27","2","1","1","0.2","0.2","0.0","4","0","13","15","86.7","0","10","0","2","0","/en/players/118e3ac3/Noahkai-Banks","https://fbref.com/en/matches/1c06d4ba/Stuttgart-Augsburg-November-9-2025-Bundesliga","MHPArena"
"Bundesliga","2025-2026","Sunday November 9, 2025, 17:30 (venue time) 16:30 (local time)","10","Stuttgart","Augsburg","Augsburg","Jeffrey Gouweleeuw","6","nl NED","CB","34-122","29","0","0","0","0","1","0","0","0","21","1","2","0","0.1","0.1","0.0","0","0","13","16","81.3","2","8","0","1","1","/en/players/1025db8e/Jeffrey-Gouweleeuw","https://fbref.com/en/matches/1c06d4ba/Stuttgart-Augsburg-November-9-2025-Bundesliga","MHPArena"
"Bundesliga","2025-2026","Sunday November 9, 2025, 17:30 (venue time) 16:30 (local time)","10","Stuttgart","Augsburg","Augsburg","Finn Dahmen","1","de GER","GK","27-227","90","0","0","0","0","0","0","0","0","56","0","0","0","0.0","0.0","0.0","3","0","27","52","51.9","0","33","0","0","0","/en/players/dee3013b/Finn-Dahmen","https://fbref.com/en/matches/1c06d4ba/Stuttgart-Augsburg-November-9-2025-Bundesliga","MHPArena"
"Bundesliga","2025-2026","Sunday November 9, 2025, 19:30 (venue time) 18:30 (local time)","10","Eintracht Frankfurt","Mainz 05","Eintracht Frankfurt","Jonathan Burkardt","9","de GER","FW","25-121","90","0","0","0","0","0","0","0","0","23","2","0","1","0.0","0.0","0.0","3","0","14","16","87.5","3","17","1","1","0","/en/players/05f99a4a/Jonathan-Burkardt","https://fbref.com/en/matches/934c7914/Eintracht-Frankfurt-Mainz-05-November-9-2025-Bundesliga","Deutsche Bank Park"
"Bundesliga","2025-2026","Sunday November 9, 2025, 19:30 (venue time) 18:30 (local time)","10","Eintracht Frankfurt","Mainz 05","Eintracht Frankfurt","Ansgar Knauff","7","de GER","LW","23-303","65","0","0","0","0","2","1","0","0","21","0","1","0","0.2","0.2","0.0","0","0","9","18","50.0","2","13","1","1","1","/en/players/19a967ab/Ansgar-Knauff","https://fbref.com/en/matches/934c7914/Eintracht-Frankfurt-Mainz-05-November-9-2025-Bundesliga","Deutsche Bank Park"
"Bundesliga","2025-2026","Sunday November 9, 2025, 19:30 (venue time) 18:30 (local time)","10","Eintracht Frankfurt","Mainz 05","Eintracht Frankfurt","Mario Götze","27","de GER","AM","33-159","25","0","0","0","0","0","0","0","0","16","1","0","1","0.0","0.0","0.4","3","0","9","11","81.8","3","8","0","0","0","/en/players/9efa1d25/Mario-Gotze","https://fbref.com/en/matches/934c7914/Eintracht-Frankfurt-Mainz-05-November-9-2025-Bundesliga","Deutsche Bank Park"
"Bundesliga","2025-2026","Sunday November 9, 2025, 19:30 (venue time) 18:30 (local time)","10","Eintracht Frankfurt","Mainz 05","Eintracht Frankfurt","Ritsu Doan","20","jp JPN","RW","27-146","90","1","0","0","0","2","1","0","0","59","5","1","1","0.2","0.2","0.1","3","2","29","38","76.3","4","32","1","5","2","/en/players/d01bbb6f/Ritsu-Doan","https://fbref.com/en/matches/934c7914/Eintracht-Frankfurt-Mainz-05-November-9-2025-Bundesliga","Deutsche Bank Park"
"Bundesliga","2025-2026","Sunday November 9, 2025, 19:30 (venue time) 18:30 (local time)","10","Eintracht Frankfurt","Mainz 05","Eintracht Frankfurt","Fares Chaïbi","8","dz ALG","AM","22-346","45","0","0","0","0","0","0","0","0","20","0","0","1","0.0","0.0","0.0","0","0","7","11","63.6","0","8","1","1","0","/en/players/357103bd/Fares-Chaibi","https://fbref.com/en/matches/934c7914/Eintracht-Frankfurt-Mainz-05-November-9-2025-Bundesliga","Deutsche Bank Park"
"Bundesliga","2025-2026","Sunday November 9, 2025, 19:30 (venue time) 18:30 (local time)","10","Eintracht Frankfurt","Mainz 05","Eintracht Frankfurt","Jean Mattéo Bahoya","19","fr FRA","LW,AM","20-186","45","0","0","0","0","2","0","0","0","35","2","0","4","0.1","0.1","0.0","5","0","17","22","77.3","3","22","4","1","1","/en/players/70d4c949/Jean-Matteo-Bahoya","https://fbref.com/en/matches/934c7914/Eintracht-Frankfurt-Mainz-05-November-9-2025-Bundesliga","Deutsche Bank Park"
"Bundesliga","2025-2026","Sunday November 9, 2025, 19:30 (venue time) 18:30 (local time)","10","Eintracht Frankfurt","Mainz 05","Eintracht Frankfurt","Ellyes Skhiri","15","tn TUN","DM","30-183","45","0","0","0","0","0","0","0","0","26","0","0","1","0.0","0.0","0.0","1","0","19","21","90.5","0","13","0","0","0","/en/players/c2211709/Ellyes-Skhiri","https://fbref.com/en/matches/934c7914/Eintracht-Frankfurt-Mainz-05-November-9-2025-Bundesliga","Deutsche Bank Park"
"Bundesliga","2025-2026","Sunday November 9, 2025, 19:30 (venue time) 18:30 (local time)","10","Eintracht Frankfurt","Mainz 05","Eintracht Frankfurt","Hugo Larsson","16","se SWE","DM","21-135","45","0","0","0","0","0","0","0","0","32","1","0","0","0.0","0.0","0.0","3","0","19","24","79.2","1","12","0","0","0","/en/players/00c9a283/Hugo-Larsson","https://fbref.com/en/matches/934c7914/Eintracht-Frankfurt-Mainz-05-November-9-2025-Bundesliga","Deutsche Bank Park"
"Bundesliga","2025-2026","Sunday November 9, 2025, 19:30 (venue time) 18:30 (local time)","10","Eintracht Frankfurt","Mainz 05","Eintracht Frankfurt","Mahmoud Dahoud","18","de GER","DM","29-312","78","0","0","0","0","4","0","0","0","59","2","1","1","0.1","0.1","0.0","3","0","34","45","75.6","6","25","1","1","0","/en/players/db4ed67b/Mahmoud-Dahoud","https://fbref.com/en/matches/934c7914/Eintracht-Frankfurt-Mainz-05-November-9-2025-Bundesliga","Deutsche Bank Park"
"Bundesliga","2025-2026","Sunday November 9, 2025, 19:30 (venue time) 18:30 (local time)","10","Eintracht Frankfurt","Mainz 05","Eintracht Frankfurt","Elye Wahi","17","fr FRA","DM","22-311","12","0","0","0","0","3","2","0","0","8","0","0","1","0.5","0.5","0.0","0","0","1","2","50.0","0","2","1","1","0","/en/players/0d7b6576/Elye-Wahi","https://fbref.com/en/matches/934c7914/Eintracht-Frankfurt-Mainz-05-November-9-2025-Bundesliga","Deutsche Bank Park"
"Bundesliga","2025-2026","Sunday November 9, 2025, 19:30 (venue time) 18:30 (local time)","10","Eintracht Frankfurt","Mainz 05","Eintracht Frankfurt","Nathaniel Brown","21","de GER","LB","22-146","90","0","0","0","0","0","0","0","0","61","1","2","4","0.0","0.0","0.2","5","0","37","44","84.1","4","38","3","1","0","/en/players/abc79c47/Nathaniel-Brown","https://fbref.com/en/matches/934c7914/Eintracht-Frankfurt-Mainz-05-November-9-2025-Bundesliga","Deutsche Bank Park"
"Bundesliga","2025-2026","Sunday November 9, 2025, 19:30 (venue time) 18:30 (local time)","10","Eintracht Frankfurt","Mainz 05","Eintracht Frankfurt","Arthur Theate","3","be BEL","CB","25-168","90","0","0","0","0","0","0","0","0","101","1","1","0","0.0","0.0","0.0","0","0","75","81","92.6","7","61","0","1","1","/en/players/df8d6029/Arthur-Theate","https://fbref.com/en/matches/934c7914/Eintracht-Frankfurt-Mainz-05-November-9-2025-Bundesliga","Deutsche Bank Park"
"Bundesliga","2025-2026","Sunday November 9, 2025, 19:30 (venue time) 18:30 (local time)","10","Eintracht Frankfurt","Mainz 05","Eintracht Frankfurt","Robin Koch","4","de GER","CB","29-115","90","0","0","0","0","0","0","0","0","95","2","1","0","0.0","0.0","0.0","1","0","70","76","92.1","10","57","1","0","0","/en/players/ea6bc03a/Robin-Koch","https://fbref.com/en/matches/934c7914/Eintracht-Frankfurt-Mainz-05-November-9-2025-Bundesliga","Deutsche Bank Park"
"Bundesliga","2025-2026","Sunday November 9, 2025, 19:30 (venue time) 18:30 (local time)","10","Eintracht Frankfurt","Mainz 05","Eintracht Frankfurt","Rasmus Kristensen","13","dk DEN","RB","28-121","78","0","0","0","0","1","0","0","0","87","2","1","0","0.1","0.1","0.0","1","0","56","71","78.9","5","48","3","3","2","/en/players/39769cff/Rasmus-Kristensen","https://fbref.com/en/matches/934c7914/Eintracht-Frankfurt-Mainz-05-November-9-2025-Bundesliga","Deutsche Bank Park"
"Bundesliga","2025-2026","Sunday November 9, 2025, 19:30 (venue time) 18:30 (local time)","10","Eintracht Frankfurt","Mainz 05","Eintracht Frankfurt","Nnamdi Collins","34","de GER","RB","21-303","12","0","1","0","0","0","0","0","0","10","0","1","0","0.0","0.0","0.2","0","0","4","6","66.7","0","2","1","0","0","/en/players/8eb5c94c/Nnamdi-Collins","https://fbref.com/en/matches/934c7914/Eintracht-Frankfurt-Mainz-05-November-9-2025-Bundesliga","Deutsche Bank Park"
"Bundesliga","2025-2026","Sunday November 9, 2025, 19:30 (venue time) 18:30 (local time)","10","Eintracht Frankfurt","Mainz 05","Eintracht Frankfurt","Michael Zetterer","23","de GER","GK","30-120","90","0","0","0","0","0","0","0","0","41","0","0","0","0.0","0.0","0.0","0","0","17","40","42.5","0","24","0","0","0","/en/players/9b688ae1/Michael-Zetterer","https://fbref.com/en/matches/934c7914/Eintracht-Frankfurt-Mainz-05-November-9-2025-Bundesliga","Deutsche Bank Park"
"Bundesliga","2025-2026","Sunday November 9, 2025, 19:30 (venue time) 18:30 (local time)","10","Eintracht Frankfurt","Mainz 05","Mainz 05","Lee Jae-sung","7","kr KOR","FW","33-091","90","0","0","0","0","0","0","0","0","34","2","0","0","0.0","0.0","0.1","1","0","18","27","66.7","1","7","0","0","0","/en/players/34b0387f/Lee-Jae-sung","https://fbref.com/en/matches/934c7914/Eintracht-Frankfurt-Mainz-05-November-9-2025-Bundesliga","Deutsche Bank Park"
"Bundesliga","2025-2026","Sunday November 9, 2025, 19:30 (venue time) 18:30 (local time)","10","Eintracht Frankfurt","Mainz 05","Mainz 05","Benedict Hollerbach","17","de GER","AM","24-176","70","0","0","0","0","0","0","0","0","29","3","1","3","0.0","0.0","0.0","0","0","11","18","61.1","1","13","1","2","1","/en/players/2a158218/Benedict-Hollerbach","https://fbref.com/en/matches/934c7914/Eintracht-Frankfurt-Mainz-05-November-9-2025-Bundesliga","Deutsche Bank Park"
"Bundesliga","2025-2026","Sunday November 9, 2025, 19:30 (venue time) 18:30 (local time)","10","Eintracht Frankfurt","Mainz 05","Mainz 05","Armindo Sieb","11","de GER","AM,LM","22-265","20","0","0","0","0","0","0","0","0","14","1","0","1","0.0","0.0","0.0","0","0","2","6","33.3","0","6","1","2","1","/en/players/228c1d94/Armindo-Sieb","https://fbref.com/en/matches/934c7914/Eintracht-Frankfurt-Mainz-05-November-9-2025-Bundesliga","Deutsche Bank Park"
"Bundesliga","2025-2026","Sunday November 9, 2025, 19:30 (venue time) 18:30 (local time)","10","Eintracht Frankfurt","Mainz 05","Mainz 05","Paul Nebel","8","de GER","AM,RM","23-030","90","0","0","0","0","2","0","1","0","52","3","1","2","0.1","0.1","0.0","0","0","29","43","67.4","4","15","2","1","1","/en/players/1b6d8083/Paul-Nebel","https://fbref.com/en/matches/934c7914/Eintracht-Frankfurt-Mainz-05-November-9-2025-Bundesliga","Deutsche Bank Park"
"Bundesliga","2025-2026","Sunday November 9, 2025, 19:30 (venue time) 18:30 (local time)","10","Eintracht Frankfurt","Mainz 05","Mainz 05","Kaishu Sano","6","jp JPN","CM","24-314","90","0","0","0","0","0","0","0","0","53","3","3","0","0.0","0.0","0.0","0","0","35","40","87.5","5","12","0","1","0","/en/players/7a7a6361/Kaishu-Sano","https://fbref.com/en/matches/934c7914/Eintracht-Frankfurt-Mainz-05-November-9-2025-Bundesliga","Deutsche Bank Park"
"Bundesliga","2025-2026","Sunday November 9, 2025, 19:30 (venue time) 18:30 (local time)","10","Eintracht Frankfurt","Mainz 05","Mainz 05","Nadiem Amiri","10","de GER","CM","29-013","90","0","0","0","0","0","0","0","0","67","4","0","3","0.0","0.0","0.0","2","0","38","50","76.0","5","23","0","1","0","/en/players/555d5edd/Nadiem-Amiri","https://fbref.com/en/matches/934c7914/Eintracht-Frankfurt-Mainz-05-November-9-2025-Bundesliga","Deutsche Bank Park"
"Bundesliga","2025-2026","Sunday November 9, 2025, 19:30 (venue time) 18:30 (local time)","10","Eintracht Frankfurt","Mainz 05","Mainz 05","Silvan Widmer","30","ch SUI","WB","32-249","87","0","0","0","0","0","0","1","0","59","2","1","4","0.0","0.0","0.0","0","0","26","45","57.8","2","10","0","1","1","/en/players/f68b64fc/Silvan-Widmer","https://fbref.com/en/matches/934c7914/Eintracht-Frankfurt-Mainz-05-November-9-2025-Bundesliga","Deutsche Bank Park"
"Bundesliga","2025-2026","Sunday November 9, 2025, 19:30 (venue time) 18:30 (local time)","10","Eintracht Frankfurt","Mainz 05","Mainz 05","Nelson Weiper","44","de GER","FW","20-237","3","0","0","0","0","0","0","0","0","4","0","0","0","0.0","0.0","0.0","0","0","2","3","66.7","1","1","0","0","0","/en/players/231c67ff/Nelson-Weiper","https://fbref.com/en/matches/934c7914/Eintracht-Frankfurt-Mainz-05-November-9-2025-Bundesliga","Deutsche Bank Park"
"Bundesliga","2025-2026","Sunday November 9, 2025, 19:30 (venue time) 18:30 (local time)","10","Eintracht Frankfurt","Mainz 05","Mainz 05","Phillipp Mwene","2","at AUT","WB,RB","31-284","89","0","0","0","0","0","0","1","0","39","0","0","2","0.0","0.0","0.0","0","0","18","31","58.1","1","6","0","0","0","/en/players/2ff76adc/Phillipp-Mwene","https://fbref.com/en/matches/934c7914/Eintracht-Frankfurt-Mainz-05-November-9-2025-Bundesliga","Deutsche Bank Park"
"Bundesliga","2025-2026","Sunday November 9, 2025, 19:30 (venue time) 18:30 (local time)","10","Eintracht Frankfurt","Mainz 05","Mainz 05","Nikolas Veratschnig","22","at AUT","RB","22-289","1","0","0","0","0","0","0","0","0","4","1","0","0","0.0","0.0","0.0","0","0","2","3","66.7","0","1","0","0","0","/en/players/13496b77/Nikolas-Veratschnig","https://fbref.com/en/matches/934c7914/Eintracht-Frankfurt-Mainz-05-November-9-2025-Bundesliga","Deutsche Bank Park"
"Bundesliga","2025-2026","Sunday November 9, 2025, 19:30 (venue time) 18:30 (local time)","10","Eintracht Frankfurt","Mainz 05","Mainz 05","Dominik Kohr","31","de GER","CB","31-282","90","0","0","0","0","0","0","0","0","50","4","2","1","0.0","0.0","0.0","0","0","27","34","79.4","4","14","0","0","0","/en/players/0fbecd11/Dominik-Kohr","https://fbref.com/en/matches/934c7914/Eintracht-Frankfurt-Mainz-05-November-9-2025-Bundesliga","Deutsche Bank Park"
"Bundesliga","2025-2026","Sunday November 9, 2025, 19:30 (venue time) 18:30 (local time)","10","Eintracht Frankfurt","Mainz 05","Mainz 05","Lennard Maloney","15","us USA","CB","26-032","86","0","0","0","0","0","0","0","0","43","0","0","1","0.0","0.0","0.0","0","0","25","33","75.8","1","12","0","0","0","/en/players/75402e99/Lennard-Maloney","https://fbref.com/en/matches/934c7914/Eintracht-Frankfurt-Mainz-05-November-9-2025-Bundesliga","Deutsche Bank Park"
"Bundesliga","2025-2026","Sunday November 9, 2025, 19:30 (venue time) 18:30 (local time)","10","Eintracht Frankfurt","Mainz 05","Mainz 05","Sota Kawasaki","24","jp JPN","LB","24-102","4","0","0","0","0","1","0","0","0","8","1","0","0","0.1","0.1","0.0","0","0","4","5","80.0","1","1","0","0","0","/en/players/447f8a29/Sota-Kawasaki","https://fbref.com/en/matches/934c7914/Eintracht-Frankfurt-Mainz-05-November-9-2025-Bundesliga","Deutsche Bank Park"
"Bundesliga","2025-2026","Sunday November 9, 2025, 19:30 (venue time) 18:30 (local time)","10","Eintracht Frankfurt","Mainz 05","Mainz 05","Danny da Costa","21","de GER","CB","32-119","90","0","0","0","0","0","0","1","0","52","2","1","1","0.0","0.0","0.0","0","0","22","37","59.5","4","17","1","0","0","/en/players/5ddb8f9f/Danny-da-Costa","https://fbref.com/en/matches/934c7914/Eintracht-Frankfurt-Mainz-05-November-9-2025-Bundesliga","Deutsche Bank Park"
"Bundesliga","2025-2026","Sunday November 9, 2025, 19:30 (venue time) 18:30 (local time)","10","Eintracht Frankfurt","Mainz 05","Mainz 05","Robin Zentner","27","de GER","GK","31-012","90","0","0","0","0","0","0","1","0","53","0","0","0","0.0","0.0","0.0","0","0","23","49","46.9","0","26","0","0","0","/en/players/5c4bf6ba/Robin-Zentner","https://fbref.com/en/matches/934c7914/Eintracht-Frankfurt-Mainz-05-November-9-2025-Bundesliga","Deutsche Bank Park"
